jp:[6682, 6734]
w5:[17270, 17302, 17318, 17350]
v9:[1572]
2R:[17456]
Oi:[11328]
JO:[11408]
PY:[8474]
BK:[1922]
6H:[4376, 4840, 6460, 6780, 6804, 9092]
GL:[8758, 9134]
VV:[1368, 2008, 2686, 15314, 18600]
6O:[6224, 6236, 6872]
I9:[8780]
7/:[2890, 5138, 5358, 5766]
vo:[3874, 4810]
pN:[8990]
FS:[1916, 2200, 5768]
Zs:[11478, 13262, 13310, 13450, 13522]
BW:[8412]
1E:[1418, 3370, 5510]
Tb:[7258]
GB:[8018]
Am:[10102, 13030]
kz:[6054, 9030, 14674]
QO:[5126]
Bf:[1388, 4738, 5862, 6642, 12906, 14906, 14930, 15010]
M4:[1858]
xV:[11422]
Nj:[11492]
8d:[2450]
U6:[3426]
w6:[17638, 17654, 17670]
tx:[3068]
vQ:[4286]
hc:[2084, 4996, 5032, 5184, 5200, 5776, 6268, 6348, 6696, 7252, 7656]
QQ:[1756, 2806, 2998, 3124, 3136, 6534, 6666, 7460, 8534, 8790, 9644, 9676, 9708, 11700, 11860, 12052, 13932, 13996, 14028]
Xe:[8968, 9028]
wG:[1780, 3752]
ZW:[11464, 11472, 11500, 13356, 13416, 13480, 13564, 14436, 14504, 14696, 14764, 15052, 15324, 15556, 15564, 15624, 15696, 15724, 18668]
Y5:[7046, 7098]
Rk:[1908, 12566]
Ei:[17728]
kJ:[4794]
NQ:[4924, 5504, 5560, 6916, 6960, 6980, 11196, 11276, 11652, 11916, 11948, 12446]
Bo:[11114, 12634, 13706]
OE:[1560, 2036, 8692]
vF:[3230, 4058]
99:[6092, 8768]
i8:[1568, 1644, 2196, 2484, 2568, 2884, 3092, 3184, 3200, 3208, 3900, 3924, 4012, 4028, 4036, 5008, 5044, 5088, 5136, 5160, 5332, 5764, 5804, 5968, 5984, 6584, 7036, 8028, 8836]
l6:[15022, 15658]
JA:[160, 4324, 5284, 7364, 8068, 8076, 8256, 11100, 11212, 11340]
Qb:[2544, 2700, 3190, 7624]
SY:[1480, 2296, 2316, 3836, 4284, 4604, 4904, 5224, 5300]
IY:[7118]
/x:[1604, 2076, 2168, 2684, 3140, 3456, 3876, 3968, 4980, 5116, 5228, 5380, 5392, 5400, 5732, 5840, 5960, 5976, 7492, 7848, 7928]
V4:[4954, 11598, 14534, 15030, 15050, 15246]
k9:[4398]
Tg:[8490]
Ak:[15516]
bQ:[14872]
E0:[8756, 14786]
IB:[13042, 13216]
gF:[2850, 3050, 6646, 12434]
Ow:[2334, 6326, 13228, 13244]
MU:[5972]
JD:[1420, 1436, 1536, 1616, 1684, 2044, 2052, 3356, 4656, 5212, 5252, 5496, 5512, 6628, 7872, 7952, 8528, 12200, 12316]
AU:[2824, 3024, 7004, 8040, 12570, 12874, 13206, 14250, 14612]
AJ:[448, 4864, 11300, 11380, 12858, 13908, 14260, 15348, 17124, 18532]
dn:[15686]
gN:[8702]
pl:[10414, 14978]
eG:[15064, 15084, 15328]
QY:[1632, 1948, 2744, 7150, 8008, 8036, 8048, 8736]
BE:[2144, 8298, 14442, 17290]
ot:[6056, 16396]
8w:[1776, 3448, 3760]
Ai:[370, 8390]
D2:[3336, 3756, 4830, 12928]
Vw:[4268]
CX:[8268, 15674]
dH:[3892, 10340, 13304, 13444, 13516, 14460, 14560, 14728, 14840, 15296, 15464]
oM:[7154]
WR:[1768]
Eh:[5944]
iN:[1914, 2090, 2362, 3346, 4458, 4510, 5790, 5818, 6010, 6182, 6198, 6890, 7130, 7826, 7906]
Wi:[8578]
or:[8414]
g3:[6310]
8K:[8850]
/D:[1724]
X0:[5962]
gB:[98, 4634, 4946, 6146, 8194]
Up:[4486]
hY:[7640]
GC:[17648]
4B:[1710, 13200]
6Q:[5872, 15224]
wX:[1902]
Ro:[2594, 2762, 5794, 11470, 13478, 19162]
OT:[8212]
3r:[1938]
FX:[1378, 3112, 5140, 7736]
cC:[12466]
wo:[6222, 6494, 6654, 6718, 8686]
wA:[582, 2410, 2558, 2714, 2870, 3512, 4530, 7648, 8110, 8120, 11298, 11362, 13278, 13682, 14642, 14682, 14794, 14926, 15134, 17346]
3X:[268, 300]
SA:[1728, 3436, 3504, 3860, 6288, 6304, 7076, 7120]
0G:[1796, 6474]
fB:[17504]
vj:[9792]
/o:[4558]
PG:[18636]
GR:[12432, 12464, 17488]
iQ:[3120, 3784, 3948, 4744, 5500, 5540, 5556, 6076, 6096, 8240, 8300, 8424]
0v:[246]
CK:[4382, 4758, 7314, 9706]
Nh:[122, 6600, 13554, 15614, 15638]
VO:[14778]
is:[4808, 6828]
mJ:[2302, 2322]
9/:[3450]
Dx:[2336, 3396, 8928, 13104, 15250]
RB:[1374, 1654, 12050, 14006, 17280]
xo:[5220]
CF:[3470, 4482, 4718, 4892, 5146, 6378, 6570, 6662, 6758, 6878, 6926, 7808, 7888, 10784]
FV:[3188]
ph:[13350, 13558]
Nz:[12270, 15438, 15538]
Ml:[7350]
Uk:[15704]
24:[5248]
FD:[12576]
At:[15206]
HB:[4174]
hf:[13362, 13570]
jQ:[2308, 2736, 3360, 3496, 4468, 6912, 7136, 7340]
Zk:[3720]
gP:[6070, 8174]
gS:[758, 4786]
Be:[5316, 6700]
DM:[5878, 6178, 7026, 7966, 8854, 8898]
jH:[2118, 2378, 3374, 5626, 8410]
1s:[15166]
wh:[11126]
Mk:[11994, 12074, 12342]
Gw:[396, 3144, 6900, 7002, 12908, 14440, 17308, 17324, 17340, 19138]
YQ:[860, 12124]
41:[5534]
Fi:[15038]
A2:[934, 11610, 12714, 14858, 17754]
8G:[13090]
x5:[18646]
it:[7240]
dh:[10342]
AH:[544, 1476, 2540, 2652, 4168, 8124, 9748, 11316, 12452, 12900, 14004, 14588, 17716, 17748]
zO:[2692]
+i:[7994, 8046, 8238]
5d:[182, 1990, 2234]
tt:[13342]
Vk:[1376, 15366]
i7:[2580, 5910, 6702]
iF:[2874, 3078, 4218, 5098, 5122, 7842, 7922]
pa:[12078]
9h:[14954, 18738]
0g:[2276, 16386]
hk:[12098]
kg:[11616]
ZE:[2042, 8818]
9n:[114, 13294, 13434, 13506]
bI:[266, 298]
EP:[2834, 3722, 5940]
IL:[12402, 13106]
BB:[1894, 3286, 4114, 4670, 8190, 11806, 14038, 14666, 17472]
sU:[4978, 5856, 6802]
/8:[2480, 5360, 5848]
Xw:[4922, 5958, 5974, 8098]
c2:[10472, 11424, 13336, 13404, 14908, 15456, 18572, 18640, 18664]
xv:[14554, 15258, 18618]
XH:[2310]
zT:[4628, 6164]
Bm:[1754, 12794, 13642, 17786]
4w:[11670, 18582]
RE:[144]
dl:[15518]
AI:[408, 576, 976, 1460, 1492, 2384, 2412, 2532, 3160, 3988, 4364, 5460, 5518, 6004, 6368, 6448, 6792, 6904, 7296, 7404, 7756, 8336, 8456, 9876, 10072, 10104, 10136, 10264, 11064, 11636, 11738, 11818, 12010, 12532, 13236, 14068, 14644, 15644, 17108, 19124]
Sf:[3548, 3620]
Db:[6184, 8324]
Id:[2574]
i0:[2500, 3592, 6612, 7152, 8484, 9088]
B+:[6352, 6388]
gE:[7658, 15286]
g6:[13222, 17382, 17686, 17734]
7e:[1508]
W8:[1992, 2236, 2612, 2780, 6836, 7332, 8618]
90:[3926]
Zp:[14614, 14914, 14994]
hh:[14706, 15318]
ZD:[14774]
VU:[8948, 9012, 15418]
D7:[3664, 7124, 7374, 8264, 8308, 8816, 12400]
Aa:[12602]
GD:[4394, 5310]
Au:[746, 906, 11594, 11642, 11690, 11770, 11850, 12042, 12138, 12218, 12266, 15174]
QB:[5456, 12850]
Qt:[15154, 18686]
Di:[376]
wz:[6988, 8392]
xP:[7424]
UB:[13062]
iD:[2246, 2514, 2622, 2662, 3282, 3310, 3490, 3518, 3566, 3638, 3686, 4110, 4214, 4230, 4278, 4570, 4666, 4702, 4734, 5442, 5782, 5858, 5930, 6406, 6438, 6638, 6672, 6678, 6730, 6846, 7006, 7030, 7226, 8950, 9002, 9014, 11040, 14272]
CY:[1720, 5204, 9770, 11050, 12330, 17578]
MG:[11672]
Pw:[3788, 9836, 9900, 9932, 9964, 9996, 13724, 14156, 14188, 14284, 14316, 14904]
Aw:[4196, 5056, 7320, 7448, 11900, 11978, 12090, 13210, 13256, 13702, 13782, 17162, 17226, 17594, 17738, 18490]
bX:[15096]
JH:[3912, 11628, 15546]
gQ:[6788]
tA:[92]
A+:[9642, 14154, 14358]
zG:[8924]
/y:[8096, 8576, 8584, 8592, 8600, 8608, 8616, 8624, 8632, 8640, 8648, 8656, 8664]
6o:[8988]
gx:[11734]
F1:[5314]
eL:[8398]
Mv:[4540]
P7:[2134]
pH:[19164]
vB:[2642, 3558, 3630, 7158, 7998, 8274]
Gj:[12608, 12864]
bj:[18576]
Fk:[3100, 3928, 13482, 15566, 15626]
wC:[852]
J8:[5854]
ug:[88, 5412]
AB:[400, 410, 416, 480, 492, 516, 756, 768, 2046, 2648, 5598, 5674, 6482, 6510, 9620, 9940, 10074, 10106, 10138, 10260, 10266, 10580, 11066, 11638, 12260, 12564, 12580, 12586, 12596, 12612, 12644, 12660, 12868, 12922, 12954, 12970, 13050, 13060, 13162, 13250, 14404, 14892, 15076, 17588, 18450, 18452, 18482, 18514]
MA:[6, 652, 764, 828, 2128, 5654, 5682, 5946, 6280, 7246, 7418, 10082, 11608, 12980, 13132, 13622, 13676, 13836, 14402, 15414, 17122, 17138, 17650, 17666, 19116]
PI:[6950]
6C:[4824]
lb:[8838]
1l:[11474, 14818, 15118]
DD:[6206, 7358]
My:[15710]
Wm:[8594]
oK:[19136]
4h:[1918]
6c:[6644]
8V:[1454, 2406, 2750, 2866, 3066, 3646, 5454, 5942, 5998, 6138, 6598, 7398, 7458, 7750]
QT:[1692]
bD:[3666, 8434, 15208]
en:[11968]
si:[214]
g8:[1668, 1976, 2228, 2608, 2672, 2776, 2976, 3552, 3624, 4252, 5420, 5516, 6400, 6428, 6832, 7116, 7328, 7876, 7956, 8192, 8440, 8532, 8716, 8964, 9024]
Lw:[15544]
Nm:[11674]
HE:[3616]
d0:[4948, 14552]
jO:[6690]
xG:[11506]
00:[2112, 5594]
f/:[282, 6226]
PE:[2262, 3326, 4290, 4310, 5266, 5350, 5710, 6106, 6154, 6250, 6322, 6486, 6514, 6710, 7274, 9102]
jz:[7318]
Bv:[6136]
Vo:[8426, 14910]
CM:[12154]
Nu:[3572]
AL:[20, 2716, 4632, 6144, 6508, 8216, 8464, 10570, 12708, 13028, 13732, 13812, 14100, 17156]
0x:[15170]
ZS:[132, 12918]
L9:[1800]
y6:[1618]
vN:[2098]
RT:[3840, 5752, 7488, 8000, 11390, 14784]
hM:[1674, 2306, 4432, 4588, 6420, 7034, 8770, 8778, 8830]
Fa:[2364]
FQ:[12620, 13052, 13196, 17196]
kQ:[8316]
U/:[5542]
bE:[8016, 15256]
Ig:[13004, 17644]
0w:[15214]
AV:[7674, 12650, 12666]
w0:[2156, 3516, 5256, 6068, 6404, 7724]
dw:[4780]
xk:[2900, 3432, 5816, 10446]
ui:[4850]
qD:[11072]
I8:[4770]
mA:[16492]
vb:[4834, 8246]
Yw:[912]
LT:[15124, 15172, 18604]
Wx:[6958]
wV:[9136]
VG:[104, 10320, 10392, 15560, 15588, 15620]
tU:[1534, 1614, 3466, 5798]
Q2:[14568, 15240, 15504]
PO:[8492]
IQ:[1772, 11164, 11324, 12512, 13036, 17596, 17612, 17628]
Xq:[8610]
Wl:[12024]
RY:[1962, 3266, 3454, 4094, 6610, 8728, 11750, 11830]
9g:[4360, 5100]
kY:[4314]
DQ:[156, 11184]
b/:[6238]
h8:[1706]
xM:[7792]
Bt:[12624, 14762, 15722]
Cx:[17392]
AA:[4, 8, 12, 14, 24, 26, 28, 30, 34, 36, 38, 40, 42, 44, 46, 48, 50, 52, 54, 56, 58, 60, 62, 64, 66, 68, 70, 72, 74, 76, 78, 80, 84, 162, 164, 166, 168, 320, 322, 324, 326, 328, 330, 332, 334, 336, 338, 344, 358, 360, 362, 364, 366, 382, 388, 390, 392, 398, 402, 404, 406, 412, 414, 418, 420, 424, 428, 430, 432, 434, 436, 440, 442, 444, 446, 450, 452, 456, 458, 460, 462, 470, 474, 476, 478, 482, 484, 486, 488, 490, 494, 496, 498, 500, 504, 506, 508, 510, 512, 514, 518, 520, 526, 536, 540, 542, 546, 552, 554, 558, 564, 566, 568, 570, 572, 574, 578, 584, 590, 594, 596, 598, 600, 602, 604, 606, 608, 610, 612, 614, 616, 618, 620, 622, 624, 626, 632, 638, 640, 642, 644, 646, 648, 650, 654, 660, 662, 664, 666, 668, 670, 672, 674, 676, 678, 680, 682, 684, 686, 688, 690, 700, 702, 708, 712, 714, 718, 720, 724, 726, 728, 730, 732, 734, 736, 738, 742, 760, 762, 766, 772, 776, 778, 780, 782, 784, 786, 788, 790, 792, 796, 808, 814, 818, 820, 824, 826, 830, 832, 834, 836, 838, 840, 842, 844, 846, 850, 862, 868, 872, 874, 878, 884, 886, 888, 890, 892, 894, 896, 898, 902, 914, 920, 922, 926, 928, 932, 936, 938, 940, 942, 944, 946, 948, 950, 952, 956, 968, 972, 974, 978, 980, 984, 986, 990, 992, 994, 996, 998, 1000, 1002, 1004, 1006, 1010, 1014, 1016, 1018, 1020, 1022, 1024, 1026, 1028, 1030, 1032, 1034, 1036, 1038, 1040, 1042, 1044, 1046, 1048, 1050, 1052, 1054, 1056, 1058, 1060, 1062, 1064, 1066, 1068, 1070, 1072, 1074, 1076, 1078, 1080, 1082, 1084, 1086, 1088, 1090, 1092, 1094, 1096, 1098, 1100, 1102, 1104, 1106, 1108, 1110, 1112, 1114, 1116, 1118, 1120, 1122, 1124, 1126, 1128, 1130, 1132, 1134, 1136, 1138, 1140, 1142, 1144, 1146, 1148, 1150, 1152, 1154, 1156, 1158, 1160, 1162, 1164, 1166, 1168, 1170, 1172, 1174, 1176, 1178, 1180, 1182, 1184, 1186, 1188, 1190, 1192, 1194, 1196, 1198, 1200, 1202, 1204, 1206, 1208, 1210, 1212, 1214, 1216, 1218, 1220, 1222, 1224, 1226, 1228, 1230, 1232, 1234, 1236, 1238, 1240, 1242, 1244, 1246, 1248, 1250, 1252, 1254, 1256, 1258, 1260, 1262, 1264, 1266, 1268, 1270, 1272, 1274, 1276, 1278, 1280, 1282, 1284, 1286, 1288, 1290, 1292, 1294, 1296, 1298, 1300, 1302, 1304, 1306, 1308, 1310, 1312, 1314, 1316, 1318, 1320, 1322, 1324, 1326, 1328, 1330, 1332, 1334, 1336, 1338, 1340, 1342, 1344, 1346, 1348, 1350, 1352, 1354, 1356, 1358, 1360, 1362, 1392, 1412, 1414, 1474, 1514, 1520, 1522, 1530, 1548, 1580, 1600, 1610, 1622, 1660, 1712, 1714, 1752, 1774, 1874, 1892, 1920, 1972, 2024, 2060, 2062, 2082, 2174, 2186, 2204, 2224, 2258, 2294, 2314, 2348, 2356, 2358, 2368, 2394, 2420, 2422, 2452, 2494, 2548, 2550, 2576, 2586, 2604, 2650, 2690, 2698, 2704, 2706, 2722, 2732, 2742, 2772, 2852, 2916, 2946, 3052, 3116, 3126, 3138, 3146, 3192, 3216, 3246, 3322, 3366, 3382, 3384, 3408, 3418, 3420, 3430, 3444, 3462, 3502, 3540, 3578, 3612, 3740, 3790, 3882, 3914, 3944, 3954, 3966, 3974, 4020, 4044, 4074, 4154, 4156, 4158, 4198, 4248, 4262, 4272, 4296, 4298, 4318, 4372, 4374, 4380, 4400, 4402, 4408, 4410, 4418, 4422, 4430, 4442, 4448, 4464, 4474, 4480, 4492, 4516, 4532, 4536, 4550, 4586, 4600, 4602, 4636, 4638, 4678, 4686, 4716, 4750, 4756, 4772, 4790, 4796, 4804, 4806, 4828, 4844, 4856, 4926, 4936, 4938, 4958, 4974, 4986, 5004, 5040, 5058, 5144, 5196, 5234, 5322, 5386, 5398, 5406, 5432, 5450, 5470, 5488, 5490, 5506, 5536, 5546, 5562, 5570, 5584, 5588, 5596, 5600, 5602, 5608, 5614, 5632, 5634, 5640, 5646, 5668, 5738, 5746, 5772, 5846, 5876, 5920, 5934, 5966, 5982, 6046, 6082, 6102, 6132, 6148, 6150, 6176, 6188, 6204, 6266, 6282, 6312, 6346, 6358, 6376, 6394, 6418, 6464, 6476, 6500, 6568, 6648, 6660, 6694, 6706, 6756, 6764, 6766, 6778, 6784, 6808, 6856, 6858, 6876, 6896, 6918, 6924, 6946, 6962, 6982, 7000, 7016, 7018, 7024, 7086, 7270, 7294, 7312, 7322, 7346, 7356, 7386, 7394, 7420, 7450, 7472, 7482, 7498, 7522, 7584, 7594, 7608, 7610, 7622, 7628, 7630, 7644, 7660, 7676, 7688, 7696, 7740, 7796, 7832, 7854, 7912, 7934, 7964, 8094, 8112, 8116, 8164, 8170, 8188, 8220, 8222, 8292, 8296, 8306, 8318, 8328, 8334, 8344, 8404, 8416, 8420, 8422, 8430, 8450, 8454, 8468, 8512, 8542, 8558, 8582, 8590, 8598, 8606, 8614, 8622, 8630, 8638, 8646, 8654, 8662, 8670, 8704, 8706, 8712, 8748, 8852, 8890, 8892, 8894, 8932, 8934, 8936, 8944, 9142, 9144, 9146, 9148, 9150, 9152, 9154, 9156, 9158, 9160, 9162, 9164, 9166, 9168, 9170, 9172, 9174, 9176, 9178, 9180, 9182, 9184, 9186, 9188, 9190, 9192, 9194, 9196, 9198, 9200, 9202, 9204, 9206, 9208, 9210, 9212, 9214, 9216, 9218, 9220, 9222, 9224, 9226, 9228, 9230, 9232, 9234, 9236, 9238, 9240, 9242, 9244, 9246, 9248, 9250, 9252, 9254, 9256, 9258, 9260, 9262, 9264, 9266, 9268, 9270, 9272, 9274, 9276, 9278, 9280, 9282, 9284, 9286, 9288, 9290, 9292, 9294, 9296, 9298, 9300, 9302, 9304, 9306, 9308, 9310, 9312, 9314, 9316, 9318, 9320, 9322, 9324, 9326, 9328, 9330, 9332, 9334, 9336, 9338, 9340, 9342, 9344, 9346, 9348, 9350, 9352, 9354, 9356, 9358, 9360, 9362, 9364, 9366, 9368, 9370, 9372, 9374, 9376, 9378, 9380, 9382, 9384, 9386, 9388, 9390, 9392, 9394, 9396, 9398, 9400, 9402, 9404, 9406, 9408, 9410, 9412, 9414, 9416, 9418, 9420, 9422, 9424, 9426, 9428, 9430, 9432, 9434, 9436, 9438, 9440, 9442, 9444, 9446, 9448, 9450, 9452, 9454, 9456, 9458, 9460, 9462, 9464, 9466, 9468, 9470, 9472, 9474, 9476, 9478, 9480, 9482, 9484, 9486, 9488, 9490, 9492, 9494, 9496, 9498, 9500, 9502, 9504, 9506, 9508, 9510, 9512, 9514, 9516, 9518, 9520, 9522, 9524, 9526, 9528, 9530, 9532, 9534, 9536, 9538, 9540, 9542, 9544, 9546, 9548, 9550, 9552, 9554, 9560, 9562, 9564, 9566, 9568, 9570, 9572, 9574, 9576, 9582, 9584, 9586, 9592, 9594, 9596, 9598, 9602, 9604, 9606, 9608, 9614, 9616, 9618, 9624, 9626, 9628, 9630, 9636, 9638, 9640, 9646, 9648, 9650, 9656, 9658, 9660, 9662, 9668, 9670, 9672, 9678, 9680, 9682, 9688, 9690, 9692, 9694, 9700, 9702, 9704, 9710, 9712, 9714, 9720, 9722, 9724, 9726, 9732, 9734, 9736, 9738, 9740, 9742, 9744, 9746, 9752, 9754, 9756, 9758, 9764, 9766, 9768, 9774, 9776, 9778, 9784, 9786, 9788, 9790, 9796, 9798, 9800, 9806, 9808, 9810, 9812, 9814, 9816, 9818, 9820, 9822, 9828, 9830, 9832, 9838, 9840, 9842, 9848, 9850, 9852, 9854, 9860, 9862, 9864, 9866, 9868, 9870, 9872, 9874, 9880, 9882, 9884, 9886, 9888, 9890, 9892, 9894, 9896, 9902, 9904, 9906, 9908, 9910, 9912, 9914, 9916, 9918, 9924, 9926, 9928, 9934, 9936, 9938, 9944, 9946, 9948, 9950, 9956, 9958, 9960, 9966, 9968, 9970, 9976, 9978, 9980, 9982, 9986, 9988, 9990, 9992, 9998, 10000, 10002, 10008, 10010, 10012, 10014, 10016, 10018, 10020, 10022, 10024, 10030, 10032, 10034, 10040, 10042, 10044, 10046, 10052, 10054, 10056, 10058, 10060, 10062, 10064, 10066, 10076, 10078, 10088, 10098, 10108, 10110, 10120, 10122, 10124, 10126, 10128, 10130, 10140, 10142, 10144, 10146, 10148, 10150, 10152, 10154, 10156, 10158, 10160, 10162, 10164, 10166, 10168, 10170, 10172, 10174, 10176, 10178, 10180, 10182, 10184, 10186, 10188, 10190, 10192, 10194, 10196, 10198, 10200, 10202, 10204, 10206, 10208, 10210, 10212, 10214, 10216, 10218, 10220, 10222, 10224, 10226, 10228, 10230, 10232, 10234, 10236, 10238, 10240, 10242, 10244, 10246, 10248, 10258, 10268, 10270, 10272, 10274, 10276, 10278, 10280, 10328, 10330, 10332, 10334, 10416, 10418, 10422, 10424, 10426, 10428, 10430, 10448, 10450, 10512, 10514, 10516, 10520, 10522, 10524, 10526, 10530, 10532, 10534, 10536, 10540, 10542, 10544, 10546, 10548, 10552, 10554, 10556, 10558, 10560, 10562, 10564, 10566, 10568, 10572, 10574, 10576, 10578, 10582, 10584, 10586, 10588, 10590, 10594, 10596, 10598, 10600, 10604, 10606, 10608, 10610, 10612, 10614, 10616, 10618, 10620, 10622, 10624, 10626, 10628, 10630, 10634, 10636, 10638, 10640, 10646, 10648, 10650, 10652, 10654, 10658, 10660, 10662, 10664, 10670, 10672, 10674, 10676, 10678, 10680, 10682, 10684, 10686, 10688, 10690, 10692, 10694, 10696, 10698, 10700, 10702, 10704, 10706, 10708, 10710, 10712, 10714, 10716, 10718, 10720, 10722, 10724, 10726, 10728, 10730, 10732, 10734, 10736, 10738, 10740, 10742, 10744, 10746, 10748, 10750, 10752, 10754, 10756, 10758, 10760, 10762, 10764, 10766, 10768, 10770, 10772, 10774, 10776, 10778, 10780, 10782, 10786, 10792, 10794, 10796, 10798, 10800, 10802, 10804, 10806, 10808, 10810, 10812, 10814, 10824, 10834, 10836, 10838, 10840, 10842, 10844, 10846, 10848, 10850, 10852, 10854, 10856, 10858, 10862, 10864, 10866, 10868, 10870, 10872, 10874, 10876, 10878, 10880, 10882, 10884, 10886, 10888, 10890, 10892, 10894, 10896, 10898, 10900, 10902, 10904, 10906, 10908, 10910, 10912, 10914, 10916, 10918, 10920, 10922, 10924, 10926, 10928, 10930, 10932, 10934, 10936, 10938, 10940, 10942, 10944, 10946, 10948, 10950, 10952, 10954, 10956, 10958, 10960, 10962, 10964, 10966, 10968, 10970, 10972, 10974, 10976, 10978, 10980, 10982, 10984, 10986, 10988, 10990, 10992, 10994, 10996, 10998, 11000, 11002, 11004, 11006, 11016, 11018, 11020, 11022, 11024, 11026, 11028, 11030, 11032, 11034, 11036, 11038, 11048, 11058, 11068, 11070, 11080, 11090, 11092, 11094, 11096, 11104, 11106, 11108, 11112, 11116, 11118, 11128, 11130, 11132, 11134, 11142, 11144, 11148, 11150, 11154, 11160, 11166, 11168, 11170, 11180, 11182, 11186, 11192, 11198, 11204, 11206, 11208, 11216, 11218, 11220, 11224, 11226, 11228, 11230, 11232, 11234, 11236, 11238, 11240, 11242, 11244, 11246, 11248, 11250, 11252, 11254, 11256, 11258, 11260, 11262, 11266, 11268, 11278, 11282, 11288, 11292, 11294, 11304, 11310, 11320, 11326, 11336, 11342, 11352, 11358, 11368, 11372, 11374, 11384, 11416, 11524, 11526, 11528, 11532, 11534, 11538, 11540, 11544, 11548, 11550, 11560, 11562, 11566, 11580, 11582, 11592, 11614, 11618, 11634, 11640, 11654, 11656, 11662, 11666, 11678, 11684, 11688, 11702, 11704, 11710, 11714, 11728, 11730, 11736, 11740, 11742, 11756, 11758, 11764, 11768, 11782, 11784, 11790, 11794, 11808, 11810, 11816, 11820, 11822, 11836, 11838, 11844, 11848, 11862, 11864, 11870, 11874, 11888, 11890, 11892, 11896, 11898, 11902, 11912, 11914, 11918, 11922, 11944, 11950, 11976, 11982, 11986, 12000, 12002, 12008, 12012, 12014, 12028, 12030, 12036, 12040, 12054, 12056, 12062, 12066, 12080, 12082, 12088, 12094, 12104, 12110, 12126, 12134, 12136, 12150, 12152, 12158, 12162, 12176, 12178, 12184, 12190, 12204, 12206, 12216, 12230, 12232, 12234, 12238, 12242, 12252, 12254, 12258, 12264, 12272, 12274, 12276, 12280, 12286, 12296, 12298, 12302, 12306, 12320, 12322, 12328, 12332, 12334, 12348, 12350, 12352, 12354, 12356, 12358, 12360, 12362, 12364, 12366, 12368, 12370, 12372, 12374, 12376, 12378, 12380, 12382, 12384, 12386, 12388, 12390, 12392, 12424, 12428, 12430, 12436, 12450, 12456, 12460, 12462, 12468, 12478, 12482, 12504, 12510, 12516, 12526, 12536, 12540, 12542, 12552, 12558, 12632, 12636, 12638, 12642, 12676, 12680, 12686, 12696, 12698, 12700, 12702, 12712, 12718, 12720, 12722, 12724, 12740, 12756, 12760, 12766, 12776, 12778, 12780, 12782, 12792, 12798, 12800, 12802, 12808, 12814, 12820, 12822, 12824, 12830, 12840, 12842, 12844, 12846, 12852, 12856, 12884, 12888, 12894, 12904, 12910, 12916, 12932, 12948, 12952, 13006, 13012, 13016, 13022, 13032, 13038, 13044, 13048, 13070, 13076, 13092, 13112, 13114, 13116, 13118, 13122, 13124, 13134, 13136, 13138, 13140, 13142, 13144, 13152, 13154, 13160, 13164, 13166, 13170, 13172, 13176, 13182, 13192, 13198, 13208, 13214, 13224, 13230, 13240, 13246, 13248, 13252, 13624, 13626, 13630, 13632, 13634, 13636, 13638, 13640, 13646, 13656, 13658, 13660, 13662, 13664, 13666, 13672, 13678, 13684, 13686, 13688, 13690, 13692, 13694, 13700, 13704, 13710, 13712, 13714, 13716, 13718, 13720, 13726, 13730, 13736, 13738, 13740, 13742, 13744, 13746, 13752, 13758, 13764, 13766, 13768, 13770, 13772, 13774, 13778, 13784, 13790, 13792, 13794, 13796, 13798, 13800, 13806, 13816, 13818, 13820, 13822, 13824, 13826, 13828, 13832, 13838, 13840, 13842, 13844, 13846, 13848, 13850, 13852, 13854, 13856, 13858, 13860, 13862, 13864, 13870, 13872, 13874, 13876, 13878, 13880, 13882, 13884, 13886, 13890, 13892, 13894, 13896, 13902, 13904, 13906, 13912, 13914, 13916, 13918, 13922, 13924, 13926, 13928, 13934, 13936, 13938, 13944, 13946, 13948, 13950, 13956, 13958, 13960, 13966, 13968, 13970, 13976, 13978, 13980, 13982, 13988, 13990, 13992, 13998, 14000, 14002, 14008, 14010, 14012, 14014, 14020, 14022, 14024, 14030, 14032, 14034, 14040, 14042, 14044, 14046, 14048, 14050, 14052, 14054, 14056, 14062, 14064, 14066, 14072, 14074, 14076, 14078, 14084, 14086, 14088, 14094, 14096, 14098, 14104, 14106, 14108, 14110, 14116, 14118, 14120, 14122, 14124, 14126, 14128, 14130, 14132, 14136, 14138, 14140, 14142, 14148, 14150, 14152, 14158, 14160, 14162, 14164, 14168, 14170, 14172, 14174, 14176, 14178, 14180, 14182, 14184, 14190, 14192, 14194, 14196, 14198, 14200, 14202, 14204, 14206, 14212, 14214, 14216, 14218, 14220, 14222, 14224, 14226, 14232, 14234, 14236, 14238, 14244, 14246, 14248, 14254, 14256, 14258, 14264, 14266, 14268, 14270, 14276, 14278, 14280, 14286, 14288, 14290, 14296, 14298, 14300, 14302, 14308, 14310, 14312, 14318, 14320, 14322, 14324, 14326, 14328, 14330, 14332, 14334, 14340, 14342, 14344, 14350, 14352, 14354, 14360, 14362, 14364, 14366, 14368, 14370, 14372, 14374, 14376, 14486, 14508, 14536, 14566, 14608, 14664, 14684, 14758, 14846, 14856, 14902, 14960, 15006, 15088, 15222, 15310, 15440, 15572, 15718, 15732, 15734, 15736, 15738, 15740, 15742, 15744, 15746, 15748, 15750, 15752, 15754, 15756, 15758, 15760, 15762, 15764, 15766, 15768, 15770, 15772, 15774, 15776, 15778, 15780, 15782, 15784, 15786, 15788, 15790, 15792, 15794, 15796, 15798, 15800, 15802, 15804, 15806, 15808, 15810, 15812, 15814, 15816, 15818, 15820, 15822, 15824, 15826, 15828, 15830, 15832, 15834, 15836, 15838, 15840, 15842, 15844, 15846, 15848, 15850, 15852, 15854, 15856, 15858, 15860, 15862, 15864, 15866, 15868, 15870, 15872, 15874, 15876, 15878, 15880, 15882, 15884, 15886, 15888, 15890, 15892, 15894, 15896, 15898, 15900, 15902, 15904, 15906, 15908, 15910, 15912, 15914, 15916, 15918, 15920, 15922, 15924, 15926, 15928, 15930, 15932, 15934, 15936, 15938, 15940, 15942, 15944, 15946, 15948, 15950, 15952, 15954, 15956, 15958, 15960, 15962, 15964, 15966, 15968, 15970, 15972, 15974, 15976, 15978, 15980, 15982, 15984, 15986, 15988, 15990, 15992, 15994, 15996, 15998, 16000, 16002, 16004, 16006, 16008, 16010, 16012, 16014, 16016, 16018, 16020, 16022, 16024, 16026, 16028, 16030, 16032, 16034, 16036, 16038, 16040, 16042, 16044, 16046, 16048, 16050, 16052, 16054, 16056, 16058, 16060, 16062, 16064, 16066, 16068, 16070, 16072, 16074, 16076, 16078, 16080, 16082, 16084, 16086, 16088, 16090, 16092, 16094, 16096, 16098, 16100, 16102, 16104, 16106, 16108, 16110, 16112, 16114, 16116, 16118, 16120, 16122, 16124, 16126, 16128, 16130, 16132, 16134, 16136, 16138, 16140, 16142, 16144, 16146, 16148, 16150, 16152, 16154, 16156, 16158, 16160, 16162, 16164, 16166, 16168, 16170, 16172, 16174, 16176, 16178, 16180, 16182, 16184, 16186, 16188, 16190, 16192, 16194, 16196, 16198, 16200, 16202, 16204, 16206, 16208, 16210, 16212, 16214, 16216, 16218, 16220, 16222, 16224, 16226, 16228, 16230, 16232, 16234, 16236, 16238, 16240, 16242, 16244, 16246, 16248, 16250, 16252, 16254, 16256, 16258, 16260, 16262, 16264, 16266, 16268, 16270, 16272, 16274, 16276, 16278, 16280, 16282, 16284, 16286, 16288, 16290, 16292, 16294, 16296, 16298, 16300, 16302, 16304, 16306, 16308, 16310, 16312, 16314, 16316, 16318, 16320, 16322, 16324, 16326, 16328, 16330, 16332, 16334, 16336, 16338, 16340, 16342, 16344, 16346, 16348, 16350, 16352, 16354, 16356, 16358, 16360, 16362, 16364, 16366, 16368, 16370, 16372, 16374, 16376, 16378, 16380, 16382, 16412, 16414, 16418, 16420, 16424, 16426, 16428, 16432, 16434, 16436, 16438, 16440, 16444, 16446, 16450, 16452, 16454, 16456, 16460, 16462, 16466, 16468, 16472, 16474, 16476, 16478, 16480, 16482, 16484, 16486, 16494, 16496, 16498, 16500, 16502, 16504, 16506, 16508, 16510, 16512, 16514, 16516, 16518, 16520, 16522, 16524, 16526, 16528, 16530, 16532, 16534, 16536, 16538, 16540, 16542, 16544, 16546, 16548, 16550, 16552, 16554, 16556, 16558, 16560, 16562, 16564, 16566, 16568, 16570, 16572, 16574, 16576, 16578, 16580, 16582, 16584, 16586, 16588, 16590, 16592, 16594, 16596, 16598, 16600, 16602, 16604, 16606, 16608, 16610, 16612, 16614, 16616, 16618, 16620, 16622, 16624, 16626, 16628, 16630, 16632, 16634, 16636, 16638, 16640, 16642, 16644, 16646, 16648, 16650, 16652, 16654, 16656, 16658, 16660, 16662, 16664, 16666, 16668, 16670, 16672, 16674, 16676, 16678, 16680, 16682, 16684, 16686, 16688, 16690, 16692, 16694, 16696, 16698, 16700, 16702, 16704, 16706, 16708, 16710, 16712, 16714, 16716, 16718, 16720, 16722, 16724, 16726, 16728, 16730, 16732, 16734, 16736, 16738, 16740, 16742, 16744, 16746, 16748, 16750, 16752, 16754, 16756, 16758, 16760, 16762, 16764, 16766, 16768, 16770, 16772, 16774, 16776, 16778, 16780, 16782, 16784, 16786, 16788, 16790, 16792, 16794, 16796, 16798, 16800, 16802, 16804, 16806, 16808, 16810, 16812, 16814, 16816, 16818, 16820, 16822, 16824, 16826, 16828, 16830, 16832, 16834, 16836, 16838, 16840, 16842, 16844, 16846, 16848, 16850, 16852, 16854, 16856, 16858, 16860, 16862, 16864, 16866, 16868, 16870, 16872, 16874, 16876, 16878, 16880, 16882, 16884, 16886, 16888, 16890, 16892, 16894, 16896, 16898, 16900, 16902, 16904, 16906, 16908, 16910, 16912, 16914, 16916, 16918, 16920, 16922, 16924, 16926, 16928, 16930, 16932, 16934, 16936, 16938, 16940, 16942, 16944, 16946, 16948, 16950, 16952, 16954, 16956, 16958, 16960, 16962, 16964, 16966, 16968, 16970, 16972, 16974, 16976, 16978, 16980, 16982, 16984, 16986, 16988, 16990, 16992, 16994, 16996, 16998, 17000, 17002, 17004, 17006, 17008, 17010, 17012, 17014, 17016, 17018, 17020, 17022, 17024, 17026, 17028, 17030, 17032, 17034, 17036, 17038, 17040, 17042, 17044, 17046, 17048, 17050, 17052, 17054, 17056, 17058, 17060, 17062, 17064, 17066, 17070, 17080, 17086, 17096, 17102, 17112, 17118, 17128, 17134, 17144, 17150, 17160, 17166, 17176, 17182, 17192, 17198, 17208, 17214, 17224, 17230, 17236, 17240, 17246, 17256, 17262, 17268, 17272, 17278, 17288, 17294, 17304, 17310, 17320, 17326, 17332, 17336, 17342, 17352, 17358, 17368, 17374, 17380, 17384, 17390, 17400, 17406, 17416, 17422, 17432, 17438, 17448, 17454, 17464, 17470, 17480, 17486, 17496, 17502, 17512, 17518, 17528, 17534, 17544, 17550, 17554, 17556, 17560, 17566, 17570, 17572, 17576, 17582, 17592, 17598, 17604, 17608, 17614, 17620, 17624, 17630, 17640, 17646, 17656, 17662, 17672, 17678, 17688, 17694, 17704, 17710, 17720, 17726, 17736, 17742, 17752, 17758, 17768, 17774, 17784, 17790, 17800, 17806, 17816, 17822, 17832, 17834, 17836, 17838, 17840, 17842, 17844, 17846, 17848, 17850, 17852, 17854, 17856, 17858, 17860, 17862, 17864, 17866, 17868, 17870, 17872, 17874, 17876, 17878, 17880, 17882, 17884, 17886, 17888, 17890, 17892, 17894, 17896, 17898, 17900, 17902, 17904, 17906, 17908, 17910, 17912, 17914, 17916, 17918, 17920, 17922, 17924, 17926, 17928, 17930, 17932, 17934, 17936, 17938, 17940, 17942, 17944, 17946, 17948, 17950, 17952, 17954, 17956, 17958, 17960, 17962, 17964, 17966, 17968, 17970, 17972, 17974, 17976, 17978, 17980, 17982, 17984, 17986, 17988, 17990, 17992, 17994, 17996, 17998, 18000, 18002, 18004, 18006, 18008, 18010, 18012, 18014, 18016, 18018, 18020, 18022, 18024, 18026, 18028, 18030, 18032, 18034, 18036, 18038, 18040, 18042, 18044, 18046, 18048, 18050, 18052, 18054, 18056, 18058, 18060, 18062, 18064, 18066, 18068, 18070, 18072, 18074, 18076, 18078, 18080, 18082, 18084, 18086, 18088, 18090, 18092, 18094, 18096, 18098, 18100, 18102, 18104, 18106, 18108, 18110, 18112, 18114, 18116, 18118, 18120, 18122, 18124, 18126, 18128, 18130, 18132, 18134, 18136, 18138, 18140, 18142, 18144, 18146, 18148, 18150, 18152, 18154, 18156, 18158, 18160, 18162, 18164, 18166, 18168, 18170, 18172, 18174, 18176, 18178, 18180, 18182, 18184, 18186, 18188, 18190, 18192, 18194, 18196, 18198, 18200, 18202, 18204, 18206, 18208, 18210, 18212, 18214, 18216, 18218, 18220, 18222, 18224, 18226, 18228, 18230, 18232, 18234, 18236, 18238, 18240, 18242, 18244, 18246, 18248, 18250, 18252, 18254, 18256, 18258, 18260, 18262, 18264, 18266, 18268, 18270, 18272, 18274, 18276, 18278, 18280, 18282, 18284, 18286, 18288, 18290, 18292, 18294, 18296, 18298, 18300, 18302, 18304, 18306, 18308, 18310, 18312, 18314, 18316, 18318, 18320, 18322, 18324, 18326, 18328, 18330, 18332, 18334, 18336, 18338, 18340, 18342, 18344, 18346, 18348, 18350, 18352, 18354, 18356, 18358, 18360, 18362, 18364, 18366, 18368, 18370, 18372, 18374, 18376, 18378, 18380, 18382, 18384, 18386, 18388, 18390, 18392, 18394, 18396, 18398, 18400, 18402, 18404, 18406, 18408, 18410, 18412, 18414, 18416, 18418, 18420, 18422, 18424, 18426, 18428, 18430, 18432, 18434, 18436, 18438, 18440, 18442, 18444, 18446, 18448, 18456, 18460, 18464, 18466, 18468, 18470, 18472, 18474, 18476, 18478, 18480, 18484, 18488, 18492, 18496, 18498, 18500, 18502, 18504, 18506, 18508, 18510, 18512, 18516, 18520, 18524, 18526, 18530, 18536, 18538, 18540, 18542, 18544, 18546, 18548, 18550, 18552, 18554, 18556, 18558, 18754, 18756, 18758, 18760, 18762, 18764, 18766, 18768, 18770, 18772, 18774, 18776, 18778, 18780, 18782, 18784, 18786, 18788, 18790, 18792, 18794, 18796, 18798, 18800, 18802, 18804, 18806, 18808, 18810, 18812, 18814, 18816, 18818, 18820, 18822, 18824, 18826, 18828, 18830, 18832, 18834, 18836, 18838, 18840, 18842, 18844, 18846, 18848, 18850, 18852, 18854, 18856, 18858, 18860, 18862, 18864, 18866, 18868, 18870, 18872, 18874, 18876, 18878, 18880, 18882, 18884, 18886, 18888, 18890, 18892, 18894, 18896, 18898, 18900, 18902, 18904, 18906, 18908, 18910, 18912, 18914, 18916, 18918, 18920, 18922, 18924, 18926, 18928, 18930, 18932, 18934, 18936, 18938, 18940, 18942, 18944, 18946, 18948, 18950, 18952, 18954, 18956, 18958, 18960, 18962, 18964, 18966, 18968, 18970, 18972, 18974, 18976, 18978, 18980, 18982, 18984, 18986, 18988, 18990, 18992, 18994, 18996, 18998, 19000, 19002, 19004, 19006, 19008, 19010, 19012, 19014, 19016, 19018, 19020, 19022, 19024, 19026, 19028, 19030, 19032, 19034, 19036, 19038, 19040, 19042, 19044, 19046, 19048, 19050, 19052, 19054, 19056, 19058, 19060, 19062, 19064, 19066, 19068, 19070, 19072, 19074, 19076, 19078, 19080, 19082, 19084, 19086, 19088, 19090, 19092, 19094, 19096, 19098, 19100, 19102, 19104, 19106, 19108, 19110, 19112, 19114, 19118, 19122, 19172, 19174, 19176, 19178, 19180, 19182, 19184, 19186, 19188, 19190, 19192, 19194, 19196, 19198, 19200, 19202, 19204, 19206, 19208, 19210, 19212, 19214, 19216, 19218, 19220, 19222, 19224, 19226, 19228, 19230, 19232, 19234, 19236, 19238, 19240, 19242, 19244, 19246, 19248, 19250, 19252, 19254, 19256, 19258, 19260, 19262, 19264, 19266, 19268, 19270, 19272, 19274, 19276, 19278, 19280, 19282, 19284, 19286, 19288, 19290, 19292, 19294, 19296, 19298, 19300, 19302, 19304, 19306, 19308, 19310, 19312, 19314, 19316, 19318, 19320, 19322, 19324, 19326, 19328, 19330, 19332, 19334, 19336, 19338, 19340, 19342, 19344, 19346, 19348, 19350, 19352, 19354, 19356, 19358, 19360, 19362, 19364, 19366, 19368, 19370, 19372, 19374, 19376, 19378, 19380, 19382, 19384, 19386, 19388, 19390, 19392, 19394, 19396, 19398, 19400, 19402, 19404, 19406, 19408, 19410, 19412, 19414, 19416, 19418, 19420, 19422, 19424, 19426, 19428, 19430, 19432, 19434, 19436, 19438, 19440, 19442, 19444, 19446, 19448, 19450, 19452, 19454, 19456, 19458, 19460, 19462, 19464, 19466, 19468, 19470, 19472, 19474, 19476, 19478, 19480, 19482, 19484, 19486, 19488, 19490, 19492, 19494, 19496, 19498, 19500, 19502, 19504, 19506, 19508, 19510, 19512, 19514, 19516, 19518, 19520, 19522, 19524, 19526, 19528, 19530, 19532, 19534, 19536, 19538, 19540, 19542, 19544, 19546, 19548, 19550, 19552, 19554, 19556, 19558, 19560, 19562, 19564, 19566, 19568, 19570, 19572, 19574, 19576, 19578, 19580, 19582, 19584, 19586, 19588, 19590, 19592, 19594, 19596, 19598, 19600, 19602, 19604, 19606, 19608, 19610, 19612, 19614, 19616, 19618, 19620, 19622, 19624, 19626, 19628, 19630, 19632, 19634, 19636, 19638, 19640, 19642, 19644, 19646, 19648, 19650, 19652, 19654, 19656, 19658, 19660, 19662, 19664, 19666, 19668, 19670, 19672, 19674, 19676, 19678, 19680, 19682, 19684, 19686, 19688, 19690, 19692, 19694, 19696, 19698, 19700, 19702, 19704, 19706, 19708, 19710, 19712, 19714, 19716, 19718, 19720, 19722, 19724, 19726, 19728, 19730, 19732, 19734, 19736, 19738, 19740, 19742, 19744, 19746, 19748, 19750, 19752, 19754, 19756, 19758, 19760, 19762, 19764, 19766, 19768, 19770, 19772, 19774, 19776, 19778, 19780, 19782, 19784, 19786, 19788, 19790, 19792, 19794, 19796]
O4:[8538]
jI:[4426]
Jj:[12314]
Fo:[4236]
IG:[120, 148, 12994]
0K:[158, 18634, 18734]
Xk:[1984]
hV:[7366]
D3:[8812, 12762]
SJ:[8322]
D4:[1524, 2416, 2674, 4368, 4404, 9610]
RJ:[12022]
ih:[4504, 19134]
FB:[11998]
nu:[4934]
ln:[14938]
e8:[11398]
9k:[1424, 13094, 14922]
jV:[1556]
ll:[308, 18626]
SP:[2636]
+Y:[8072]
5h:[14946, 14982, 15426]
bG:[964, 13276, 13388, 13596, 14640, 14680, 14752, 14792, 14924, 15020, 15040, 15132, 15364, 15640, 15656, 18652]
BX:[8400, 12440]
Nc:[10370]
x0:[2352, 3412, 7680, 11938, 15342]
0V:[4502]
O5:[4674]
2n:[1628]
kV:[2912]
+E:[1504, 1518, 2278, 2660, 2828, 3076, 3564, 3636, 8740, 8930, 13920]
Er:[1708]
Wk:[8586]
xE:[3284, 4112, 4872, 5860]
iU:[1400, 2032, 2332, 4880, 5436, 5808, 5956, 7664]
B1:[5202, 6134, 6314, 6698, 8494]
Z1:[15266]
Zd:[230]
Bk:[346, 7128, 12290]
+g:[3536, 3608, 5312]
d1:[14396, 14580, 14952, 14988, 18658]
Ul:[11720, 11800, 11880, 14776]
2E:[290, 4568]
oY:[4462]
lI:[1586, 2838, 4890]
KU:[5188]
o7:[4802, 19148]
Vt:[15586, 18642]
4/:[9846]
XX:[188, 220, 252, 284, 316]
oD:[7310, 13680]
vL:[2938, 3238, 4066, 5390, 7486]
Vs:[11498]
UI:[5874, 7766]
lw:[14730]
Iu:[2470, 11518]
0m:[12774, 16388]
Ac:[774, 13226, 17498]
EC:[3442, 5630, 13126]
LZ:[5916]
FJ:[8782]
Z0:[3098, 10358]
ZU:[8024, 10312, 15592]
9u:[1758, 1838, 10510, 14834, 14934, 14998, 15158, 15242, 15274, 15378, 18722]
DV:[3736, 12992]
Rt:[11602, 13550]
hN:[8762]
ep:[248]
CL:[1446, 2110, 4846, 5254, 9082, 11338]
6g:[4232]
KX:[270]
vx:[4354]
bV:[14888]
IA:[372, 562, 866, 882, 930, 2292, 2346, 2382, 2392, 3158, 3380, 3406, 3416, 3986, 4534, 4560, 5002, 5094, 5906, 6002, 6142, 6602, 6748, 7094, 7650, 8142, 8202, 8214, 8282, 9858, 11110, 11330, 11382, 11542, 11954, 12346, 12498, 12530, 12546, 12622, 12678, 12974, 13020, 13254, 13490, 14406, 14714, 15046, 15346, 16422, 16442, 17090, 17106, 17564, 17580, 17634, 18486]
hg:[348]
Cw:[7092, 8580, 8588, 8596, 8604, 8612, 8620, 8636, 8644, 8652, 8660, 8668, 11082, 13194, 17194, 17818]
BR:[2020, 5592, 10262]
C8:[9930]
Sw:[2280]
Bc:[3104, 5192, 5532, 6200, 11946]
NU:[2628, 11554]
7C:[4216, 6408, 6440, 6848, 8952, 9016]
SX:[14412]
Vf:[5382, 15058]
MD:[1494, 12344]
U9:[18622]
i3:[3276, 4104, 4660, 6632]
2A:[7528, 15312]
HP:[3904]
gL:[8374]
RM:[6072, 8750, 11514]
GE:[3816, 4592, 6008, 6024]
Ri:[11522]
ok:[11350]
GA:[380, 716, 3972, 4472, 11264, 11356, 12684, 14928, 17228, 17244, 17260]
5x:[8348, 8356]
Ji:[13486]
Xo:[194, 4266, 7606]
z+:[2116]
hF:[3094, 3166, 3994]
SD:[1964, 2216, 2260, 2596, 2764, 3324, 4160, 5992, 6020, 7198]
mS:[6060, 16400]
Ae:[6328, 9834]
jg:[7400, 7752]
i5:[5446, 7780]
03:[6186]
no:[4358, 6362, 6722, 6818, 7242]
b6:[3934]
4A:[90, 7402, 7462, 9762, 9794, 10050, 11222, 11314, 11578, 12210, 13698, 14082, 14114, 14338, 17394, 17410, 17426, 17442, 17458]
jB:[1562]
zo:[3654, 3678]
AX:[4240, 6120, 6868, 11546]
Qh:[2878]
Wg:[11780]
cg:[7160, 15512, 18702]
Mg:[6080, 6100, 12148, 12732, 12940, 13084]
uV:[7526]
FE:[2338, 3398, 5216, 8180, 15610]
g5:[17238, 17766, 17782, 17798]
BO:[10026]
/C:[2638]
Ny:[910, 15106, 18678]
JV:[8940]
Vg:[6504]
s2:[11410]
cH:[15332, 15728]
rB:[17520]
WD:[5680]
v5:[1694]
EF:[5292]
zk:[2152]
Vz:[10310, 10398, 11442, 15454, 15694]
EG:[4176, 12726]
Vl:[5720, 11510, 13382, 13590]
PU:[7828]
8k:[1732]
TY:[4300, 8688]
wO:[2920, 3220, 4048, 4932, 6456, 6800, 7208]
xd:[262]
Xl:[5502, 5864]
x4:[1742, 11490]
ER:[17216]
BF:[342, 1582, 15252]
kA:[12654, 12690, 12706, 12786, 14798, 15282, 15730, 17266]
Iz:[4642, 14634]
WM:[7850]
Qj:[8200, 10070]
U5:[5230]
gT:[7080]
8A:[18, 368, 1602, 3770, 4520, 7720, 9826, 9922, 9954, 12404, 14146, 14210, 14242, 14274, 14306, 16410, 17474, 17490, 17506, 17522, 17538]
Jh:[13410]
k7:[1898, 3510, 7146]
Rm:[15380, 15460, 15596]
pI:[5306, 9022]
VF:[7070, 12076]
Dw:[6302, 8364, 10592, 10656, 11866, 12924]
kd:[1818, 8338]
gV:[5054, 7910]
XE:[10464, 10492, 11476]
KA:[11270]
AQ:[468, 502, 636, 710, 1484, 1512, 1528, 2430, 3538, 3576, 3610, 4316, 4420, 4886, 4972, 5320, 6416, 8168, 8540, 8820, 10090, 10096, 10256, 10668, 10832, 10860, 11056, 11088, 11558, 12188, 12640, 12848, 12912, 12944, 13000, 13040, 13072, 13088, 13120, 13128, 13754, 13834, 16416, 16448, 16464, 17722]
v/:[1552, 1574, 2570, 3210, 3906, 4038]
+4:[7090]
wx:[15122]
YE:[1384, 2620]
X1:[1988, 2232, 5272, 13392, 13600, 14688, 14720]
kC:[11344]
v3:[6330]
9d:[294]
+v:[8972, 8996]
dm:[13352, 13560, 14804, 15160, 18568]
Aj:[12448, 12968]
DX:[4512]
Cu:[9578]
I+:[9750, 14070]
hI:[2270, 2438, 2478, 2518, 3006, 3482, 3550, 3622, 3674, 4326, 4658, 5286, 5498, 5514, 5806, 6630, 8482, 9086]
VM:[1642]
gz:[5830, 6026, 6410]
Zh:[11454]
Lp:[7866, 7946]
sG:[6498]
FF:[5994]
Kw:[8304, 8428, 8448, 8556]
Jk:[11906]
tz:[2556, 8350]
Fw:[4956, 5448, 7392, 15182, 17212]
2s:[7370]
tB:[8690]
5C:[14166]
TW:[10348]
Cp:[17130]
w8:[3692, 3792, 6432, 7800, 8564, 8680, 8720, 9008]
oG:[6374]
cG:[1970, 11520, 14812, 15092]
hn:[2694]
8U:[3848]
FI:[2486, 2670, 3042, 6034, 6074, 6398, 7326, 7702, 8774]
Uy:[2738, 5078]
Vp:[2254]
JF:[6088, 7600, 7672, 10462, 11696, 11776, 11856, 12048]
ZX:[696, 1370, 2010, 4894, 10504, 11624, 13476, 13484, 13548, 14448, 14492, 14712, 14768, 15344, 15372, 15420, 15436, 15472, 15536, 15548, 15688, 18716]
jS:[8994, 12470, 17696]
0/:[1764]
Ic:[2654]
Pz:[1786]
zE:[2004, 3796, 4212, 4692, 4868, 5364, 5716, 6180, 6436, 7028, 8724, 8976, 9036, 9108]
dG:[752, 804, 11596, 11648, 11992, 12072, 12144, 12224, 13360, 13568, 14424, 14468, 14724, 14820, 14852, 14868, 14884, 15016, 15036, 15056, 15228, 15244, 15384, 15428, 15584, 15652]
dM:[2178]
ZA:[3680, 13750, 15308, 15480, 15672]
gt:[11458]
hl:[10322, 10394, 15202]
hU:[11858]
Ar:[8326, 15514]
U3:[15580]
3/:[7072]
Ib:[96]
MN:[8498]
W+:[8658]
NS:[11746, 11826]
a8:[5612, 5644, 5672]
6y:[224, 17712]
N8:[2426]
Jp:[310]
6G:[1968, 4488, 4752, 6472]
uP:[2948, 3248, 4076]
oj:[14208]
CS:[17552]
BT:[1366, 2006, 5366, 5718, 6742, 8726]
1T:[14446]
Fu:[12616, 12872, 18706]
YW:[14432, 14816, 15360, 18612, 18616]
jT:[3574, 6996]
AW:[13930]
Ly:[1814]
dB:[7126, 8144, 12492, 14458, 14626]
Pj:[8738]
wE:[1912, 2208, 2832, 3032, 3388, 4276, 4644, 7224]
ND:[14414]
4P:[8824]
8E:[2770, 3028, 7436, 7568]
UE:[3260, 4088, 6616, 6874, 7708, 14672]
tw:[4392, 12942]
Ck:[19166]
DW:[9994]
46:[18662]
Qu:[6930]
Y2:[312, 11436, 13616, 14932, 15156, 15452, 18688]
i9:[1440, 2272, 2840, 2844, 2856, 2880, 3044, 3056, 3204, 3896, 4032, 4988, 5024, 5060, 5176, 5236, 5304, 5328, 6860, 7388, 8752]
6M:[6564]
6D:[11840]
cY:[4018]
bk:[1790, 14428]
Mt:[15098]
SI:[1380, 1416, 1432, 1532, 1928, 2012, 2048, 2104, 2140, 2164, 2264, 2424, 2432, 2464, 2472, 2504, 2640, 2644, 2656, 2676, 2808, 2816, 2924, 2932, 2936, 2968, 3000, 3016, 3224, 3232, 3236, 3268, 3328, 3352, 3368, 3464, 3476, 3560, 3632, 3668, 3804, 3832, 3872, 3884, 3888, 4052, 4060, 4064, 4096, 4288, 4308, 4320, 4348, 4500, 4608, 4652, 4888, 4960, 5112, 5264, 5280, 5348, 5368, 5388, 5408, 5476, 5492, 5508, 5520, 5548, 5616, 5648, 5676, 5692, 5708, 5728, 5740, 5756, 5796, 5824, 5900, 5936, 6084, 6104, 6112, 6124, 6152, 6160, 6208, 6248, 6256, 6320, 6336, 6484, 6512, 6536, 6544, 6560, 6624, 6668, 6708, 6744, 6948, 6964, 6984, 7140, 7176, 7272, 7360, 7368, 7432, 7452, 7484, 7500, 7524, 7548, 7564, 7596, 7632, 7716, 7816, 7856, 7868, 7896, 7936, 7948, 7968, 8384, 8524, 8732, 8792, 8980, 9040, 9056, 9100, 9112, 9116]
ex:[2324]
lc:[4322, 5210, 5250, 5282, 6424, 7362, 7970, 8066]
b3:[4178, 10484, 14420, 14456, 14500, 14624, 14748, 14836, 18680]
5U:[10490]
XB:[4306]
Jy:[15554, 18584]
Jw:[3156, 3984]
HS:[1748, 8508]
wT:[6212]
Jx:[17152]
gH:[2124, 8218]
zM:[1996, 1998, 2000, 2002, 2784, 2786, 2788, 2790, 2792, 2984, 3292, 3294, 3296, 3298, 3300, 3302, 3304, 3694, 3696, 3698, 3700, 3702, 3704, 3706, 3708, 3710, 3794, 4120, 4122, 4124, 4126, 4128, 4130, 4132, 4134, 4136, 4138, 4140, 4142, 4144, 4200, 4210, 4690, 5276, 5278, 5362, 5868, 5870, 5880, 6332, 6334, 6434, 6520, 6840, 7336, 8566, 8568, 8570, 8572, 8574, 8722, 8856, 8858, 8860, 8862, 8864, 8866, 8868, 8870, 8872, 8874, 8876, 8878, 8880, 8900, 8902, 8904, 8906, 8908, 8910, 8912, 8914, 8916, 8918, 8920, 8922]
Vy:[8108, 10374, 10434, 11426, 14822, 14842, 14870, 14886, 15162, 15386, 15398, 15466, 15486, 18570]
8R:[3734]
kE:[2546, 2702, 2848, 3048, 5414, 8058, 9000, 12998, 18518]
+A:[5744, 7700]
Lk:[11744, 11824]
+x:[6306]
xw:[4412, 5564, 8444]
KY:[19146]
CA:[522, 586, 3446, 6850, 8114, 10094, 10254, 10830, 11054, 11086, 11658, 11712, 11792, 11984, 12064, 12106, 12186, 12568, 12648, 12744, 12956, 14186, 18462, 18494]
6J:[6372]
g2:[7508]
sY:[4514, 8730]
YR:[11312]
iw:[1868, 2180, 2252, 3132, 3196, 3316, 3960, 4024, 4952, 6276]
gl:[11366]
SG:[15668]
cn:[908, 10384, 10404, 10496, 12044, 14948, 14984, 15152, 15280, 15524]
6z:[3580]
wD:[1910]
16:[258]
VL:[3318]
kB:[8162, 12496, 12544, 12946]
TS:[12816, 17760]
uv:[2188, 3084, 3916]
iA:[2584, 6772]
/4:[3908, 8152]
QG:[7846, 7926, 12578]
Z3:[13364, 13572]
tD:[4528, 8794]
dp:[10362, 13394, 13602, 14390, 14546, 14574, 15146]
mC:[12438]
PS:[4818, 7250, 7430, 18656, 18724]
i2:[6354]
fo:[4778]
gf:[1516, 2488, 2522]
ei:[7200, 17792]
KM:[6156, 6252, 6324, 6488, 6516, 6712]
/l:[176, 256]
uk:[13984]
fg:[1884]
Do:[4450, 4518, 4858, 6502, 6786, 6898, 7422, 7646, 13866, 17386]
0e:[8700]
wQ:[2380, 7986]
hx:[7264]
RA:[1690, 1872, 2390, 3350, 3378, 7714, 8808, 9942]
l1:[6862]
DE:[11162, 17450]
2I:[4384, 4760]
XC:[3800, 4648, 4696, 5260, 5836, 6620]
Rp:[3082, 15334, 15602]
A6:[13190, 17334, 17558, 17574, 17606, 17622, 17750]
8F:[4626]
Dc:[1888, 13962, 17466, 17642]
eK:[19168]
Ft:[118]
Bj:[7216, 8280, 9824, 12976]
X8:[2980, 7880, 7960, 8536]
xC:[4280, 4668, 6640, 6680, 6732, 7008, 9004]
YX:[11452, 11908, 12100, 12196, 12248, 12292, 13288, 13428, 13488, 13500, 14476, 15136, 15204, 15232]
yB:[704, 6000]
Vi:[13614, 15682]
AR:[10602, 12560, 14610]
UP:[3038, 4918]
lu:[212, 8022, 13326, 13466, 13538, 14522, 14598, 14802, 15102, 15306, 18594]
wL:[1596]
CE:[2800, 2992, 4494, 5440, 6466, 6528, 6810, 7636, 7860, 7940, 8800, 12506, 12554]
RF:[14668, 15326]
D/:[7690, 8938, 10282, 13146]
Ag:[464, 1620, 5468, 6018, 8132, 12092, 12284, 12488, 12728, 17210]
bg:[14844]
+X:[1900]
eE:[7056]
c/:[18630]
8P:[1570, 2864, 5996, 7456, 8102]
jZ:[7476]
vy:[4350]
zK:[7138]
UQ:[4170, 6122]
vH:[5326]
iG:[4258]
EI:[8796]
b1:[14832]
mD:[14080]
Ug:[12748]
ce:[11318]
RV:[14632]
1w:[8138, 14418]
Rs:[14482, 14710, 15218, 15290, 15322, 15714]
jo:[2886, 3902, 6442]
+Q:[3858, 5092, 9098]
/V:[240]
yL:[1406, 1450, 2150, 2894, 2898, 4594, 5218, 5814, 7534, 8742, 9078]
Vx:[6140]
/v:[5108, 5704]
2y:[17632]
6P:[3064, 7020, 7308]
A/:[9878]
AO:[532, 4424, 4680, 4784, 4976, 5484, 5700, 6688, 6824, 7444, 8204, 9556, 9716, 10132, 10538, 11812, 13220, 17188, 17220, 17348]
XY:[7478, 8666]
MC:[8500, 10112, 14788, 15128, 17584]
sr:[8402]
5y:[11926, 11958, 11990, 12070, 12310]
WF:[11804, 11884]
Zv:[14738, 15494]
5F:[15706]
/5:[2940, 3240, 4068]
VD:[5558]
Ds:[14026, 17338]
UZ:[5566]
rn:[8310]
bU:[14384, 16390]
bu:[1784]
ij:[5318]
xA:[3306, 3830, 4902, 5726, 6842, 9010, 9654, 14294]
JB:[2812, 3004, 3808, 6540, 7972, 14562]
6K:[2220]
oF:[2222, 2718, 8146]
1y:[15110]
CJ:[3174, 4002, 8506]
CQ:[4440, 4866, 5572, 10826, 12522, 13674, 17098, 17434, 17626, 17706]
xz:[8358, 15642]
Qk:[1402, 1558, 2034, 2458, 2618, 3414, 3434, 3486, 3814, 4330, 5290, 6634, 7510, 7666, 7682, 7706, 7978, 8242, 8486, 11574, 11722, 11802, 11882]
Q/:[1750, 14262]
0H:[4826]
9N:[1730]
Hw:[1608, 2080, 2312, 8010, 17484, 17500, 17516, 17532, 17548]
vS:[8006]
XI:[7590, 7618, 8634]
OD:[8822]
rD:[8394]
Ba:[13994, 14282]
7o:[5090]
x1:[2542, 11462]
uf:[6036]
D0:[1676, 2440, 6768]
hd:[198, 1540, 6884, 7188]
rj:[8266]
OY:[2132]
VA:[7684, 12572, 12604]
8o:[1762]
g1:[6854]
1j:[14304, 15150, 15726]
9Y:[1794]
+D:[1808, 8314, 9920, 13696]
zR:[12528, 17104]
VQ:[3474, 7930, 15430]
IC:[8488, 12626, 12672, 12752, 12880, 12978, 13008]
ca:[12806]
Ew:[4812, 5736, 17132, 17148]
n4:[2502]
8v:[1854, 1862]
vf:[7182]
ik:[14016, 19158]
+K:[4542]
NI:[2614, 5330, 6218, 6490, 6714, 6830, 7234, 7282, 7882]
mk:[9600]
Zg:[1836, 1852, 1860, 4148, 8884]
YH:[2682, 18528]
hm:[3334]
d2:[14444, 14958, 15100, 15304]
Rw:[2610, 2778, 5822]
oA:[1598, 2490, 3650, 7022, 7042, 10550, 11834, 12026, 12590, 12770, 12834, 12990, 13186, 17282]
bA:[528, 1834, 3730, 12112, 14484, 15220, 15716]
lz:[14754, 15446, 15582, 15678]
b+:[186]
AZ:[3942, 11530, 12394, 12618]
TC:[1688, 1926, 1960, 2212, 2592, 2632, 2760, 3452, 3716, 5792, 5820, 7540, 7560, 7572]
MR:[17360]
+6:[8346, 8354]
LX:[11468, 15144]
EH:[2468, 12584]
cz:[4930, 8360]
P5:[6866]
So:[1804, 1904]
rZ:[7298]
ck:[8158]
w+:[4256, 4848, 9782, 13670]
JU:[5428, 11694, 11774, 11854]
zy:[1820]
Dr:[5214, 6386, 6478, 6934, 7834, 7914]
qB:[17248]
U1:[6078]
W5:[3950]
xr:[4596]
AM:[3652, 4208, 4524, 5416, 5472, 6216, 6992, 8284, 8544, 9128, 9588, 11146, 11156, 11732, 12500, 12548, 13204, 17172, 17508, 17562]
ht:[18650]
B5:[12890]
/I:[4742]
ZR:[5932]
RI:[1398, 1612, 1680, 2030, 2230, 2374, 2634, 7114, 7730, 7996, 8004, 8196, 8208, 8224, 8244, 8276]
jG:[5106]
DO:[9802]
6U:[2068, 8840]
WP:[2404, 2418]
tF:[6006, 15702]
94:[18562]
PC:[2506, 7178, 7962, 18736]
ig:[5018]
SC:[3556, 3628, 6048]
Y/:[14134]
Dy:[3742, 3780]
Np:[10386, 14422, 14698]
8y:[16394]
Mq:[5912]
Cs:[14090, 17530]
l/:[228]
TM:[100]
wP:[2516, 9072]
H3:[2680]
Vn:[3142, 14650]
0k:[6588]
gj:[9760]
lk:[12194]
E3:[6202]
wB:[17536]
DY:[6308, 7060, 8496, 11098, 11194, 11210, 11786]
xq:[11450]
Gg:[12588, 12812, 12828, 12860, 12892, 17292]
nN:[94]
C7:[8330]
sA:[3070, 4522, 6062, 6396, 7212, 7324, 8290, 8342, 8462, 8502, 8672, 12130, 12606, 12898, 13234, 16402, 17298, 17314, 17330]
Kk:[9632]
Rc:[11494]
Jt:[15422]
DA:[8628, 10528, 11706, 12600, 17178, 17274, 17354, 17546]
bS:[18696]
BA:[634, 794, 798, 876, 954, 958, 2696, 2720, 4390, 4538, 4706, 4788, 5628, 6356, 7480, 7520, 7592, 7620, 7678, 8946, 10666, 12282, 12984]
+k:[1448]
Q7:[1738, 2304]
8s:[3750]
IT:[8136]
0h:[102, 17200]
Th:[17232]
+V:[5102]
cA:[592, 924, 4166, 4814, 4854, 4862, 5038, 6166, 6214, 11414, 11974, 12300, 12412, 12574, 12964, 13108, 13218]
3D:[6110, 9106, 9138]
dV:[7088, 8084, 8396]
9y:[192, 15458]
Q4:[2214, 2966, 5346, 5786, 8438, 12534, 17110, 17126]
5z:[18654]
Rf:[6028, 13386, 13594, 14726, 14810, 15034]
PR:[4396, 7122, 7908]
c1:[10308, 11428, 13332, 13472, 13544]
ME:[2960, 4754, 5340, 5812, 9044]
Hg:[2172, 12396, 12670, 17404, 17420, 17436, 17452, 17468]
Bg:[466, 812, 870, 4260, 6264, 6344, 6392, 8140, 8332, 12278, 12664, 12936, 12972, 13080, 13096]
Mh:[12668]
uL:[8030]
Ub:[1478]
JG:[2268, 2428, 3272, 3332, 3468, 3672, 4100, 5760, 5800]
c7:[13238]
pC:[1408]
lj:[10350, 14702]
1N:[5938, 7434, 7454, 7566]
PM:[1966, 1994, 2218, 2238, 2598, 2766, 2782, 2982, 3290, 4118, 5714, 6158, 6254, 6518, 6838, 7334, 8546]
vq:[6826, 9114]
4+:[14102]
fw:[4928, 6956, 6976]
l0:[1434, 2810, 3002, 6538, 14866, 14882, 14970, 15066, 15086]
W0:[5424, 8650]
dE:[5928, 7670, 9696, 10440, 11484, 13268, 14532, 15520]
Ng:[4748, 6776, 12228, 12878, 12966]
ny:[1846]
Q0:[2058]
dX:[14516, 14940, 15236, 15552]
Yi:[13272]
HA:[3364, 3428, 3500, 11308, 17356]
sK:[7210]
eQ:[8352]
I1:[6894]
dA:[1932, 5464, 7300, 7408, 12652, 14756, 15004, 15248]
L/:[4942]
dT:[4556, 4776, 5072, 5524, 5652]
Jf:[13322, 13462, 13534]
YB:[8122]
MI:[1502]
1M:[2050, 2434, 3130, 3958, 7598]
1t:[15186, 18674]
G4:[7038, 7438]
B6:[13802, 14538, 17802]
T4:[9094]
o0:[12742, 13078]
gs:[1950]
bF:[13376, 13584, 14572, 15300]
Ol:[11420]
Wc:[3776]
X2:[5842, 13308, 13448, 13520, 14704, 14740, 14800, 14824, 14912, 14944, 14980, 15048, 15080]
KC:[1456]
P8:[3106]
TR:[2868]
ip:[5486]
+z:[8228]
BS:[11386]
hL:[5000]
RR:[5952, 15482]
Qx:[12832]
Tj:[3768, 14336]
17:[178, 210, 242, 274, 306]
Xf:[1606, 7050]
eU:[15636]
7L:[6480]
Fz:[8178, 11502, 15594, 18638, 18694]
/m:[1778, 3762]
VY:[5402]
MK:[8270]
2T:[5376]
NF:[6022]
cm:[112, 116, 748, 10344, 10352, 10376, 10436, 11432, 12340, 13296, 13340, 13436, 13508, 14956, 14996, 15400, 15432, 15492, 15496, 15532, 15632, 15692, 18660]
J/:[226]
Y1:[8764]
0d:[7818, 7898]
dI:[2666, 2842, 5294, 5722, 7262, 7810, 7890, 7982]
UX:[7494]
1D:[2298, 2318, 8038]
Ue:[6098]
ZH:[13408, 14472]
fS:[1812, 17616]
0F:[2554, 2710, 4378, 6210]
WE:[1404, 11724, 13776]
TH:[2054]
kD:[13760]
mL:[2066, 2070, 2826, 3026, 4710, 5014, 5050, 5166, 6550, 6554, 8698]
H2:[8746]
Ce:[15442]
kF:[3212, 3766, 4040, 4842, 5522, 6966, 6986, 7014, 8198, 8278, 8458]
H6:[2646]
0b:[3114]
wk:[1590, 1956, 2126, 2402, 2582, 2798, 2958, 2990, 3010, 3258, 3278, 3528, 3594, 3600, 4086, 4106, 4662, 4730, 5338, 5438, 5810, 5886, 6526, 6614, 7746, 7782, 7806, 7886, 8250, 8518]
YP:[1782, 1798, 1826, 2286, 6938]
C0:[538, 2896]
eV:[15488]
A3:[12826, 14874]
jX:[4438]
EV:[12646]
lE:[1510, 2106, 2266, 3162, 3330, 3354, 3990, 8026]
+3:[7110]
UA:[378, 1488, 3862, 4454, 4782, 5526, 5698, 6686, 6726, 6738, 6790, 6822, 6902, 6970, 6990, 6998, 7786, 7822, 7902, 9126, 10252, 10326, 11010, 11122, 11178, 12236, 12674, 12754, 12882, 12996, 13010, 13054, 13068, 13102, 13174, 14470, 14718, 14848, 15042, 15606, 17186, 17682, 17698, 17714]
VP:[5734]
W6:[6978, 7266]
MP:[1842, 2398, 6954, 6974]
sD:[2926, 3226, 4054, 4610]
uA:[1656, 4244, 5604, 5636, 5664, 8708, 13064]
yQ:[7992, 8236]
SE:[1592, 2016, 3488, 3596, 4664, 7302, 10632]
64:[2724]
F2:[13282, 13422, 13494]
/1:[304]
lh:[15018, 15654]
dF:[10380, 10476, 13316, 13456, 13528, 14544, 15404]
5o:[15358]
Q1:[11158, 11286, 11692, 11772, 11852]
tJ:[2658]
wM:[5576]
Gn:[12592]
Zm:[8926, 11460, 14700, 14936]
Og:[524, 3320, 12108, 13180]
NK:[8786]
V0:[4700, 4746, 13406, 14594, 14654, 15354, 15394, 15578]
1p:[10466]
qL:[7162]
j2:[8806]
1h:[15498, 18670]
5D:[11718, 11798, 11878]
UR:[7112]
hJ:[5036, 11778]
PD:[7858, 7938, 18560]
me:[4194]
VS:[3362]
D9:[17146]
J3:[18624]
c3:[12312, 13612, 13620, 14744, 15412, 18712, 18740]
QU:[6298]
Bh:[4616, 14850, 15090]
5G:[15338]
wr:[7106]
US:[2564]
eD:[5850]
FR:[3940]
vp:[6562]
0y:[8186]
0A:[2754, 3342, 7440, 7754, 7784, 8044, 10518, 11360, 13762, 17362, 17378]
33:[7864, 7944]
ZG:[152, 856, 11928, 11960, 12120, 12168, 13328, 13468, 13540, 14524, 14600, 15176, 18592]
jR:[3424, 7068, 17424]
9l:[13286, 13426, 13498, 14890, 14990]
V2:[5394, 13324, 13464, 13536, 14520, 14596]
4D:[14590]
EA:[82, 472, 530, 658, 754, 806, 1458, 1490, 1658, 1822, 2282, 2492, 3658, 3682, 4246, 5586, 7686, 8166, 8294, 8710, 9634, 9666, 9698, 9730, 10086, 10118, 10790, 10818, 10822, 11014, 11042, 11046, 11074, 11078, 11202, 11682, 11754, 11762, 11842, 11872, 12114, 12494, 12886, 13014, 13026, 13110, 13418, 13650, 13810, 13954, 13986, 14018, 16470, 17068, 17074, 17586, 17602, 17618, 18534]
xp:[10314, 11486, 13270]
AP:[548, 916, 1550, 2326, 2396, 3772, 4998, 5034, 5452, 6422, 6972, 7396, 9130, 12212, 12938, 13098, 13780, 14228, 15284, 16404, 17204, 17364]
1B:[1722, 1806]
Jg:[10092, 11612, 12716, 12796, 17724, 17740, 17756, 17772, 17788, 17804, 17820]
w4:[7348, 17094, 17158, 17174, 17510]
lF:[3170, 3998]
N1:[5926, 10494, 15054, 15522]
xY:[1468]
/0:[2892, 9076]
hB:[1698, 2342, 2726, 3402, 3648]
dW:[136, 11480, 13264, 13312, 13368, 13452, 13524, 13576, 14660, 15112, 15484, 15684]
Bi:[130, 10642]
Z4:[6864]
VR:[8446]
UG:[8626, 14604]
Ty:[8460]
Yl:[11488]
AE:[10, 454, 628, 900, 904, 1364, 1624, 2064, 2148, 2360, 2376, 2560, 2588, 2756, 2872, 3072, 3344, 3684, 3864, 4456, 4508, 4564, 4620, 5096, 5120, 5528, 5624, 5656, 5684, 5788, 5908, 5948, 6064, 6168, 6196, 6284, 6604, 6676, 6728, 6740, 7464, 7532, 7556, 7652, 7788, 7824, 7904, 8172, 8320, 8504, 8766, 11284, 12442, 12490, 12772, 13002, 13258, 13260, 13348, 13556, 14380, 15700, 17482, 17652, 17668, 17764, 17780, 17796]
R6:[11966]
Ax:[11062, 11814, 12318]
Xh:[7342]
Xz:[4982]
hX:[2814, 6542, 7446]
VB:[5696, 14662]
f0:[2400]
xh:[13618]
OR:[4920]
JQ:[12476, 12734, 13046, 15690, 17692, 17708]
cj:[3588]
PK:[7078]
fx:[218]
2H:[1664, 1740]
cx:[18726]
/p:[5354]
3C:[1678]
oL:[8942]
aS:[15184]
sP:[8148]
hS:[1544]
U8:[3786]
1U:[5758]
ix:[1924, 8788]
A4:[12086, 12458, 17078, 17190, 17222, 17402]
B0:[2130, 4434, 4574, 4590, 5186, 5778, 6270, 6350, 7254, 8134, 12518, 15234, 15374]
zU:[6592]
o8:[8176]
b2:[10356, 10388, 11936, 13344, 14400, 14416, 14584, 15060, 15260, 15336, 15408]
PJ:[3870, 5378, 8034, 8362]
X3:[14692, 15068]
PB:[172, 6050]
zp:[4202]
ne:[7468]
tR:[17312]
uW:[190, 222, 254, 286, 318]
O8:[5924]
OQ:[8552]
EK:[19144]
Ux:[17408]
Eg:[5844, 5964, 5980, 12524, 17100, 17116]
vD:[5866, 7278, 7546, 13184, 14240]
Mi:[14636, 14676]
zV:[16384]
Sj:[2712]
o6:[13158]
fQ:[1640, 7204]
i4:[7588]
Ra:[11886]
bm:[124, 10364, 10408, 13300, 13396, 13440, 13512, 13604, 14392, 14548, 14556, 14576, 14616, 14708, 14736, 14864, 14880, 14968, 15028, 15268, 15316, 15320, 15500, 18588, 18620]
Lb:[3662]
Je:[4800, 8848]
ke:[2202]
bH:[11508, 13380, 13588, 14916]
XA:[1462, 2414, 3890, 4302, 4962, 5462, 6906, 7406, 7502, 7758, 8562, 11920]
Fd:[2572, 7580]
xB:[7228, 9718, 17440]
Vh:[15298, 15462, 15670]
lN:[1442, 14782]
oE:[9728, 12738, 13074]
In:[204, 236, 3554, 3626]
vO:[4606, 5226]
ZC:[5784]
BG:[11176]
9s:[13318, 13458, 13530]
/R:[17136]
Qy:[6454, 6798, 7206, 12582]
Co:[11306, 13178, 17258]
Cf:[13018]
I/:[1390]
0S:[12502, 12550]
Fe:[1576, 4016, 5270, 7692]
BD:[1636, 7192, 11418, 12472]
D8:[1670]
Js:[13306, 13446, 13518, 14434, 18746]
0n:[4220, 4916, 7304, 18578, 18598]
j/:[2446, 3526, 3598, 5356, 5426, 5702, 6170]
/w:[5852, 6044]
h0:[698, 10318, 11626]
YM:[4478, 7668]
hE:[4386, 4762]
Ps:[1382, 2014, 2818, 3018, 5370, 6114, 6258, 6338, 6546, 6746, 8982, 9042]
92:[3642]
aE:[3280, 3524, 4108]
Ms:[6384, 6932]
Tx:[12688]
7h:[2408]
f3:[250]
9v:[15026]
IP:[1542, 1766, 3774]
R0:[11552]
kt:[15094]
vW:[1498, 3234, 4062]
jr:[6290]
yC:[8288, 17824]
TV:[0, 7040]
QL:[8814]
Bb:[3690, 7010]
rP:[4822]
DN:[17114]
D+:[1788, 1832, 3728]
XD:[11120]
0C:[14646]
om:[12902]
Un:[15288]
bs:[1828, 3724]
Ah:[12538]
Pg:[3952, 3964, 9772, 9804, 10028, 13628, 13644, 13868, 14060, 14092, 14348, 14760, 18632, 18732]
KI:[6116]
RH:[14408]
Qz:[12174]
yD:[13728]
0N:[5478, 5618, 5694, 6162, 6670, 9070]
gC:[6246, 11190]
AG:[426, 744, 1824, 2284, 7044, 7096, 8130, 11332, 11364, 12262, 12324, 12730, 12836, 13066, 15180, 17092, 17732]
BU:[1940, 6292, 6752, 8184, 17418, 17610]
g4:[12006, 17142, 17206]
SW:[15540, 15568, 15648]
Qo:[1876, 3394, 3718, 4254, 6402, 6430, 6882, 7562, 8126, 8718]
ZQ:[356, 11140, 14900]
h1:[7102]
80:[12934]
No:[18666]
Q3:[10372, 10432, 15396]
z/:[1840, 2190, 3086, 3918]
5l:[12118, 15062]
//:[16, 2122, 2192, 2198, 2950, 2952, 3088, 3108, 3110, 3186, 3250, 3252, 3920, 3936, 3938, 4014, 4078, 4080, 4182, 5022, 5110, 5174, 5706, 6038, 6040, 6042, 6228, 6240, 6952, 7052, 7064, 7074, 7376, 7426, 7776, 8844, 8846, 8974, 8998, 9034, 9096, 10284, 10286, 10288, 10290, 10292, 10294, 10296, 10298, 10300, 10302, 13148, 13150, 16392, 16406, 16408]
JJ:[5086, 5134]
n8:[8150]
EO:[4192]
x8:[3440]
Qf:[8432]
QK:[4242, 12610]
5v:[126, 14826]
UJ:[4414, 6814]
li:[244, 12950, 13390, 13598, 15630]
pF:[19156]
d3:[2524, 10368, 13400, 13608]
Nw:[14694]
aW:[140, 10444, 10480, 10508, 11516, 11644, 12140, 12220, 13320, 13460, 13532, 13552, 14452, 14464, 14496, 14620, 14808, 14828, 14972, 15012, 15116, 15192, 15272, 15340, 15376, 15424, 18676, 18708, 18720]
yH:[1856, 6296]
Iw:[17660, 17676]
Pk:[13952]
/+:[8896]
5w:[854]
BC:[12810, 13830, 17680]
vG:[2102, 2930, 5082, 5130]
Fh:[12768]
oZ:[19132]
8I:[2072, 6556]
wi:[2664, 11334]
l9:[1718]
Cq:[14314]
bi:[11604, 15148]
E7:[1626]
rk:[13888]
Zl:[10382, 14388, 18710]
R4:[5262]
oQ:[3586, 19140]
gA:[22, 550, 656, 918, 2538, 4506, 4562, 4618, 5606, 5638, 5666, 7470, 7642, 8466, 10084, 10116, 10788, 10820, 11012, 11044, 11076, 11630, 11686, 11766, 11846, 12034, 12038, 12398, 14686, 14894, 16430, 17218, 17234, 17250, 18454]
A5:[17286]
Iy:[7222]
MF:[6108, 9104]
Ln:[960, 11568, 11904, 12016, 12096, 12288, 12336]
0T:[4164]
1g:[9090]
X4:[8602]
Ap:[13034]
R3:[14382]
1k:[3036, 3852, 9664]
YS:[6174, 11932, 11964, 12172]
Hx:[7900, 8050]
D1:[1816, 1848, 3744]
R2:[1802, 8052, 11934, 14652, 15392, 15576]
v4:[1726, 1810, 1882, 2462, 3886, 5302]
D5:[4304, 8560]
eH:[11572]
Az:[630, 1422, 2206, 2858, 2918, 3058, 3218, 4046, 7990, 14962]
aX:[10412, 14976, 15032, 15612, 15664]
sS:[6458]
AK:[9780, 10004, 11060, 12132, 12180, 12746, 13082, 14036, 17140, 17252, 17300, 17396, 17412, 17428, 17444, 17460, 17476, 17492, 17524, 17540, 17700]
1A:[11952]
qA:[6736]
4N:[7582, 18750]
TU:[8960]
Cg:[11402, 13786, 18752]
ww:[5898, 6684]
2C:[352, 11136, 11200]
+f:[1452, 9032]
Q+:[10038]
5A:[2528]
oC:[4598, 15390]
N0:[14506, 14518, 15270, 15666, 18610]
nk:[8970]
YI:[2460]
OU:[5780]
Oo:[2354]
nB:[3746]
Yz:[5246, 6586, 8234]
dD:[7504]
ZB:[3754, 3894, 9622, 13974, 14670]
9j:[966, 15434, 15534]
LA:[6318, 7194, 7218, 8092, 11280, 15608, 19120]
wf:[4180]
KG:[11404]
Na:[11726]
23:[7764]
Hy:[3778]
M9:[3180, 4008, 5084, 5132, 6126, 7184, 7612]
QI:[3802, 4552, 4698, 4820, 12562]
YK:[19160]
Hz:[1830]
vX:[2166, 2934, 5222]
gu:[5170]
Xx:[12896]
UW:[5194, 6574]
iX:[238, 3008, 3812, 4328, 5288, 7976]
Pb:[8002]
0f:[1578, 4624]
Fg:[4984, 5232, 11564]
IW:[6272]
1v:[150, 8090]
ge:[7380]
vY:[1638, 8478]
Bx:[6128]
jY:[7516, 7616]
U0:[2244, 3308, 6844, 11388, 12662]
HQ:[2688, 8366, 17372, 17388]
5c:[10390]
fA:[1696]
gw:[1472, 6232, 6244, 6444, 8088]
xD:[4736, 15230]
AN:[9652, 11172, 11348, 12986, 13156, 13188, 13668, 13972, 17316, 17812]
8t:[6058, 16398]
KQ:[4452]
VX:[3878]
Zz:[18596]
ii:[19142]
w7:[534, 7012, 7170]
Dg:[7496, 7852, 7932, 12682, 17082]
RS:[15226]
XS:[1930]
Y8:[8776, 8784]
dq:[6870]
ye:[6412]
zw:[7244]
A9:[8118, 8772, 13654, 13734]
5m:[14830]
MQ:[10828, 11052, 11084, 11660, 11708, 11788, 11868, 13756]
Qw:[1946, 2094, 2184, 3154, 3982, 4650, 4970, 4994, 5030, 5066, 5182, 5242, 6622, 7542, 8804, 11606]
OM:[5712]
FA:[5384, 5396, 5404, 8312, 11152, 12160, 13212, 17164, 17180]
3q:[6914]
3w:[4204]
Nv:[10406, 18590, 18682]
g/:[2520, 3584, 4944, 5068, 5152, 6576, 14230]
Ql:[6278]
8f:[4150, 8886]
T+:[4436]
Fb:[2448, 4460]
iK:[19128]
kP:[4294]
tE:[1650, 1890, 5494, 5550, 8386]
wU:[2512, 3508, 3532, 3604, 5430, 7168]
gg:[8442]
F4:[1648]
BQ:[2942, 2944, 3242, 3244, 4070, 4072, 4428, 6692, 6704, 7384, 8452, 11354, 13168]
Ep:[11406]
E5:[3738]
ls:[260, 276, 3806, 15382, 15598]
Yr:[8510]
ng:[12406]
BY:[4712, 12426, 17242, 17674]
sH:[8206]
cE:[15264]
zu:[5016, 5052, 5168]
Fy:[13358, 13414, 13566, 14814, 15634]
9I:[2194, 2954, 3090, 3254, 3922, 4082, 6230, 6242, 7066, 7378, 7778]
sX:[2922, 3222, 4050]
YD:[6782, 13648]
Yn:[12268]
A0:[7840, 7920, 14346, 15444, 15676]
P4:[2678, 8154]
kr:[5918]
/3:[5148]
lM:[5826, 8074, 8254, 9058, 9132]
Qd:[2138]
/j:[5480]
9m:[10338, 10474, 13378, 13586]
vw:[3838, 4906, 8230]
hj:[7058, 15370]
Jv:[10470, 13366, 13574, 14950, 14986, 15450]
dt:[14410, 14474]
EE:[1702, 4332, 12486]
iJ:[1426, 2158, 2802, 2994, 3390, 3798, 3818, 4334, 4694, 4874, 4990, 5026, 5062, 5178, 5238, 5658, 5686, 5834, 6530, 7538, 7558, 7570, 7638, 7710, 7726, 8078, 8258, 8378, 9062]
g9:[6414]
iT:[6390]
IO:[8992]
Fc:[1986, 11438]
Y3:[10468, 13372, 13580, 15196]
j+:[314]
SL:[2154, 6052, 7410, 8070, 8160, 8182]
As:[970]
Lm:[800, 12192, 14480, 15216, 15712]
GF:[4914, 5888, 7980]
B/:[3644]
FM:[6582]
wW:[5142]
WC:[4876]
Lj:[18728]
VT:[14630]
xI:[2794, 2986, 5882, 5894, 6522, 7338, 7506, 7802, 8682]
hA:[4152, 8888, 9590]
RQ:[3844, 7084, 8272, 15530]
Xy:[8642, 8842]
CH:[11392, 12960]
jD:[4282, 7230]
NA:[588, 5544, 5568, 7268, 7292, 7344, 12988, 13100, 15008, 19154]
4t:[15194]
hp:[106]
iY:[7604, 7626]
3g:[7518]
Sx:[7820]
Ek:[7836, 7916, 11650, 12146, 12226]
+U:[1466, 3514, 6552, 7722]
52:[18698]
vI:[5410, 6370]
M2:[6754, 6936]
H/:[1470, 2534, 2910, 4622, 9074]
cl:[14920]
gk:[6234, 11174]
yk:[8696]
91:[7054, 13298, 13438, 13510, 15506, 16490]
BV:[3932, 7048, 8978, 9038, 9110]
gD:[7166, 7288, 7770, 10816, 12214]
cF:[4526, 5578, 6658, 8106, 8286, 11448, 15350]
mX:[302]
PQ:[2256, 4416, 4768, 8470, 13708, 13788]
TD:[6770, 7156, 15708]
MH:[12420, 12628]
Iv:[2748]
wH:[2876, 3080, 3472, 4484, 4496, 4720, 5076, 5124, 6380, 6468, 6572, 6664, 6812, 6880, 6928, 7172, 7844, 7924]
BM:[2734, 3358, 3494, 4878, 5006, 5042, 5158, 5802, 7134, 8826]
DH:[2386, 3150, 3978, 5590]
TB:[2752]
X6:[3970]
Vm:[14656, 15292]
uT:[7352]
6A:[2768, 4444, 4792, 6920, 7552]
kM:[4688]
QF:[5150, 6806, 7232, 7280]
bC:[2160, 2804, 2964, 2996, 3264, 4092, 6532]
SM:[4172, 4188, 8104, 8368]
cB:[12876]
02:[4714]
6w:[3128, 3956, 4264, 4640, 5244, 7220]
dU:[5156]
aL:[5010, 5046, 5162]
Ym:[11972, 12694, 12838, 15072, 15616, 18644]
g0:[1500]
A7:[1662]
RC:[1428, 2056, 2092, 2372, 2388, 3152, 3176, 3348, 3376, 3392, 3980, 4004, 4968, 4992, 5028, 5064, 5180, 5240, 7712, 7728, 8472, 12854]
Hi:[8370]
oN:[7694]
BI:[1394, 1538, 1974, 2026, 2226, 2250, 2454, 2578, 2606, 2774, 2854, 2974, 3054, 3118, 3194, 3274, 3314, 3410, 3422, 3438, 3810, 3946, 4022, 4102, 4250, 4466, 4726, 5198, 5418, 5434, 5538, 5554, 5610, 5642, 5670, 5762, 5774, 5922, 5954, 5970, 5986, 6014, 6030, 6090, 6094, 6426, 6650, 6910, 7474, 7514, 7586, 7602, 7662, 7742, 7874, 7954, 7974, 8252, 8514, 8530, 8714, 8954, 8962, 9018, 12058, 13722, 18522]
rH:[4966]
Q5:[4222, 17254, 17366, 17398, 17414, 17430, 17446, 17462, 17478, 17494, 17526, 17542, 17702, 17814]
i/:[1444, 4908, 4912, 5308]
y8:[7412]
vZ:[5730]
Jz:[10506, 12338, 18718]
Ay:[1506, 11894]
6I:[2600, 6656]
uD:[5904, 11680]
4g:[138, 142]
VW:[9084, 15356]
MB:[4838]
jx:[17088]
xm:[4146, 8882]
5s:[1844]
JE:[1652, 1952, 2340, 2436, 2444, 2476, 2972, 3372, 3400, 3480, 4388, 4576, 5552, 6888, 7144, 7372, 8060]
bW:[10324, 10396, 11576, 11940, 15000, 15604, 18564, 18704, 18744]
9z:[10354, 13474, 13546, 14606, 14722]
vh:[17264, 17344]
yN:[288, 3102, 3930]
pA:[1934, 13910]
9B:[1982]
dS:[14502]
4a:[12790]
jd:[278]
Hr:[7214]
/F:[272]
M8:[1396, 1584, 2028, 3148, 3168, 3172, 3676, 3976, 3996, 4000, 4356, 4724, 6032, 6300, 6720, 6816, 7576, 7732, 7988, 8832, 9120]
Uc:[8554]
Vc:[10346]
5p:[12166, 15014, 15650]
xl:[15074, 15618]
4f:[86, 2366]
ZI:[3206, 3826, 3898, 4034, 4342, 4898]
n/:[2846, 3046, 7578, 7734]
i1:[2456, 2616, 2956, 3256, 4084, 4728, 5336, 8516]
LW:[15104, 15120, 15140, 15200]
VN:[2078]
1R:[2746]
U2:[10336, 14592, 15352]
Lf:[5914]
/g:[6192]
Xg:[5978]
py:[12614, 12870]
kN:[7738]
Yx:[3340]
zA:[3782, 7382, 9140]
vc:[2242]
FH:[14490]
HD:[4186, 8674]
yA:[8408]
UT:[5770, 13232]
C6:[170, 9674]
FT:[5620, 13056]
dY:[8056]
P6:[2466, 4238, 6118]
5k:[10482, 12246, 13274, 13370, 13578, 14454, 14498, 14622, 14638, 14678, 14790, 15130, 15362, 18614]
BH:[11322]
IU:[2088]
EQ:[6944, 12520, 12736, 17084]
hy:[15562, 15622]
VC:[1944, 6608, 8080, 8260, 8380, 9064, 10080, 11748, 11828, 17600, 17664]
Ao:[11272]
1z:[14766, 15142]
An:[2136, 18730]
i+:[5892, 8956, 9020]
wF:[6566]
B8:[3910, 12408, 17514]
6L:[7772]
7D:[4704, 5274, 5444, 12128]
YG:[6462]
Fs:[10410, 14570, 14658, 14806, 14974]
VI:[2170, 2498, 2882, 3202, 3590, 4030, 4950, 5890, 6274]
0E:[1878, 1906, 2320, 2602, 8376]
9D:[3506, 14690]
PA:[2740, 3562, 3634, 3842, 5754, 7490, 7634, 8522, 8550, 8678, 12156, 15720]
RW:[10502, 15276, 18714]
Bw:[110, 810, 4548, 4584, 4676, 4684, 10250, 10306, 12326, 12474, 17690]
qX:[206]
fC:[3820, 4336, 8232]
sB:[3834, 6578, 6762, 9118]
dR:[6580, 6908, 8480, 17296]
9X:[3386]
Rh:[750, 802, 11646, 11910, 12102, 12142, 12198, 12222, 12250, 12294, 13338, 15070]
Dz:[3726]
0Y:[5990, 8064]
tv:[3040]
NP:[10454]
RG:[11440, 15680, 18602]
T/:[4554]
sC:[374, 17808]
t0:[2970, 3270, 4098, 4654, 8526]
tg:[15416]
YF:[6994, 12256]
jU:[1588, 1700, 3484, 4682, 4940, 5988, 7704, 7744, 7768]
iB:[3534, 3606, 7790]
IF:[4446, 5352, 7276]
lt:[15590]
+2:[3846, 4274, 6750]
fp:[216]
wg:[1760, 4346, 5298, 7108, 7238, 7286, 7814, 7894, 18566]
Tw:[4860]
Rv:[10366, 11446, 13398, 13606, 14394, 14550, 14578]
Jl:[962, 10498, 14838, 14898, 14942, 15238, 15526]
JT:[6172]
6k:[9048]
Nf:[13402, 13610]
QR:[7100]
1I:[3582, 8226]
12:[2290]
Tf:[6012]
sF:[5114, 5902, 6922, 8210]
QE:[354, 3020, 4732, 5268, 6382, 6636, 11138]
bn:[8012, 10500, 11512, 13384, 13592, 14992, 15476, 15508, 15528]
ED:[8810, 15574, 15646]
oB:[1546, 4226]
yO:[4580]
Bl:[10402, 15490, 18586]
Bp:[14478, 15138]
XF:[174, 4406, 6942, 10360, 10400]
S6:[13058]
QV:[1372, 1980, 3824, 4340, 4896, 7830, 10460]
pk:[11970, 12598]
Uz:[1526, 1594, 2830, 3030, 6774]
uj:[6968]
Vj:[14530]
tI:[1554, 8086, 8798]
lD:[9952]
7+:[7774]
QP:[7748, 12866]
Pf:[6852]
lg:[3656]
Xa:[3458]
iL:[1386, 1686, 1942, 1954, 1958, 2018, 2038, 2114, 2210, 2590, 2630, 2758, 2822, 2862, 2902, 2906, 2962, 3022, 3034, 3062, 3074, 3262, 3530, 3546, 3602, 3618, 3850, 3854, 3866, 4090, 4566, 4578, 4646, 4870, 5190, 5258, 5342, 5374, 5530, 5950, 6286, 6590, 6594, 6606, 6618, 7466, 7654, 7838, 7918, 8694, 8802, 8986, 9046, 9050]
De:[6892]
KO:[4292, 4312, 6260, 6340, 7180]
/f:[2120, 5020, 5172]
+l:[208]
YC:[12914]
IH:[8156, 8436, 18608, 18648]
Yy:[12020]
JC:[2108, 3164, 3992, 4764, 5828, 8388, 9060]
pB:[9686, 13942, 17184]
Uu:[154]
Ni:[11376, 17744]
mB:[9122]
Zw:[11676, 12750, 13086]
V8:[2328]
P/:[5750, 8100]
ZV:[11504, 14732, 15024, 15468, 15600, 15660]
MS:[15168, 15212, 18580, 18700]
Nl:[14542, 15082, 15330, 15410, 15474, 15502, 18742]
Sm:[13280, 13420, 13492]
bo:[2526]
FU:[3544]
B4:[394, 2086, 17306]
UM:[7306]
0X:[7148]
9t:[18690]
tu:[2836]
o/:[9974, 10006]
XV:[2536]
5I:[5334]
BJ:[1438, 1566, 2330, 2350]
yb:[6760]
Ww:[3962, 6364]
1H:[1864]
y0:[2908]
pM:[4910]
YA:[350, 438, 556, 706, 4270, 4362, 4630, 5118, 6194, 6366, 6446, 6506, 6674, 10114, 11378, 11412, 11586, 11590, 12240, 12304, 12444, 12818, 12862, 12926, 13202, 15078, 17202, 17730, 17746, 17762, 17778, 17794, 17810, 17826]
+s:[11396]
II:[7174]
va:[2074, 6558, 8734]
yU:[2860, 3060, 5832, 8744]
EN:[12982]
Et:[15126, 15210]
AY:[4882, 5208, 9052, 11274, 11290, 17658, 18458]
g7:[6066, 6294, 7862, 7942]
e5:[184, 200, 232, 264, 280, 296, 5466]
zj:[14112]
qQ:[2]
Xs:[1770, 3288, 4116, 4672]
0p:[5474, 7414]
wN:[1630]
aF:[5074, 13292, 13432, 13504]
hD:[11698]
NB:[14586]
xH:[3688]
0D:[1886, 3868, 11760]
8g:[1744, 1792, 3712, 3732, 3748]
50:[694, 11466, 11622, 15114, 15278, 15558, 15698]
6x:[1564, 2176, 6360, 7196]
Yb:[1866]
O9:[1672]
lf:[14750]
P+:[1482]
RD:[8476, 15550]
UF:[4490, 11832]
Zi:[17776]
xF:[11430]
x/:[6596]
3F:[8302]
93:[3570, 13330, 13470, 13542, 14526, 14602]
Z2:[10316, 13412]
iv:[4708, 6262]
Ch:[19126]
sh:[12704]
Al:[12422, 12454, 12630, 12920]
aQ:[6820]
8B:[5070]
qS:[8340]
BN:[17770]
+B:[3568, 3640]
Bd:[7798, 9006]
DI:[7132, 13898]
t1:[6886, 15262]
CI:[1496, 9962]
iV:[2796, 2988, 4884, 5884, 6524, 7804, 7884, 8248]
jf:[7062]
we:[5104, 6016]
TA:[1410, 4366, 5660, 5688, 6450, 6794, 11556]
2r:[4470]
dz:[10486]
lQ:[7082]
vR:[17168]
2v:[7290]
AD:[880, 3660, 4816, 5748, 7248, 8418, 9844, 10036, 10100, 10420, 11008, 11588, 11632, 12004, 12692, 12804, 13652, 13748, 13808, 14378, 14796, 17636, 17828]
7j:[6316]
1C:[1634]
g+:[2022, 3828, 4224, 4344, 4836, 4900, 5296, 5724, 5896, 6220, 6492, 6652, 6716, 7236, 7284, 7812, 7892, 7984, 8684, 9558]
hz:[6342]
uK:[19152]
QA:[32, 386, 560, 722, 770, 848, 864, 1008, 1464, 2146, 2530, 2730, 4206, 5458, 5482, 5574, 5582, 5622, 6130, 7202, 7354, 7442, 7530, 7554, 8760, 9580, 9612, 10644, 11346, 11942, 12202, 12758, 12958, 13804, 13900, 13964, 14252, 14438, 14510, 14770, 15478, 15542, 15570, 17154, 17170, 19170]
Ud:[3134]
VE:[3498, 7104, 14780]
sl:[10134]
IE:[2820, 3012, 5372, 6548, 8372, 8984, 10488, 12962]
Xn:[2182]
LE:[9984]
Rq:[14514]
GQ:[3460, 3880, 11536, 12764, 17276, 19130]
KS:[13024]
9p:[11434, 13334, 14734, 14854, 14862, 14878, 14966]
DG:[2370]
7H:[2248, 3312]
Dp:[6190]
CT:[1880]
UH:[6470, 15448]
lv:[180, 196, 292, 14426, 18574]
9T:[146]
JI:[2482, 2566, 3182, 4010, 7186, 7614]
wI:[3764]
RX:[9080, 10458, 14450, 14494, 14618, 15368]
AF:[340, 816, 2914, 3214, 4042, 7794, 9684, 9972, 10068, 10452, 11124, 11188, 12084, 12410, 14628, 14772, 14860, 14876, 14964, 17076, 17284, 17684]
ID:[10048, 12208]
NM:[2442, 3198, 4026, 15662]
10:[2904, 5012, 5048, 5164]
0J:[1666]
YV:[13284, 13424, 13496]
7B:[3758, 7032, 12784, 17328]
Um:[3122, 11496, 14528, 14648]
eT:[18748]
SU:[11752, 11996]
6F:[6496]
A1:[12416, 14540]
kU:[7142]
br:[202, 234, 1646]
Ez:[5580]
3d:[1870]
8m:[8020]
ly:[15294, 17568]
1F:[7718]
gn:[4582, 18606]
QD:[12032]
Om:[18692]
+h:[2624, 3492, 3520]
J1:[7190, 10442, 14466]
bw:[2288, 6940]
y+:[4544, 7316]
GN:[1734, 2562]
yE:[2300, 7536, 7762]
CD:[4766, 4798, 7698, 8406, 11370]
QM:[8082, 8262]
ch:[2496]
uQ:[2344, 2728, 3404, 4852, 7416]
K8:[2668]
Rg:[1978, 12414]
PW:[8128]
m5:[7390]
QX:[10304]
tM:[1682, 2474, 3478, 3670]
Mu:[1936]
+c:[2040]
A8:[1896, 8828, 12182, 13814, 17370]
QN:[12594]
Hj:[14144]
OA:[988, 4572, 7512, 9124, 11664, 11980, 12060, 12508, 12556]
Ci:[9898]
dQ:[4184, 4964, 6452, 6796, 7260, 7760, 14558]
Vu:[8054, 10378, 10438, 11482, 13266, 13314, 13454, 13526, 14430, 15002, 15302, 15402]
2f:[3856]
Cj:[19150]
KD:[8520]
sN:[2142, 4162, 4614, 5650, 5678]
Rl:[8014, 10456, 11102, 11214, 11570, 13346, 14386, 14742, 14918, 15510]
aA:[12480]
tc:[6086, 7870, 7950]
By:[134, 2626, 3522, 3542, 3614, 14058, 14398, 14582, 15406, 15470]
Qg:[1012, 1430, 1736, 2162, 2978, 3178, 3822, 4006, 4338, 4498, 5422, 5662, 5690, 5838, 6834, 7164, 7330, 7574, 7878, 7958, 8382, 8966, 9026, 9066]
==:[19798]
Dk:[9856]
+F:[1486]
TI:[2096, 2100, 2240, 2552, 2708, 2928, 3228, 4056, 4352, 4370, 4612, 5080, 5128, 5324, 7544, 9068]
gr:[2510]
2B:[4832, 17072]
Fx:[11296]
Mc:[11302]
1Y:[5206]
O/:[1704, 1716]
8D:[5154, 8032, 16488]
uz:[5742]
QW:[14512]
w/:[4740]
a3:[11444]
xX:[10478]
Q6:[17590, 17718, 17830]
2N:[7550]
Ff:[13354, 13562]
QH:[12658, 12930]
cy:[108, 15188, 18628, 18672]
AC:[384, 422, 580, 692, 740, 822, 982, 4774, 11584, 11620, 11668, 11716, 11796, 11876, 11924, 11956, 11988, 12068, 12116, 12164, 12244, 12308, 12418, 12484, 12514, 12788, 13130, 13940, 14292, 14356, 14564, 14716, 15044, 15388, 16458]
/z:[7428]
qK:[8958]
F0:[858, 4234, 8754, 11930, 11962, 12122, 12170]
qR:[17120]
6B:[4476, 17376]
Ry:[13374, 13582, 14462, 14746]
13:[15190]
8Q:[1746, 3714, 14488]
pJ:[8834]
dC:[128, 4228, 5344, 11600, 15108, 15164]
ja:[4546]
zH:[11394]
Fv:[2888]
uU:[11400]
xs:[15178]
HJ:[4190]
UL:[8042, 8062]
J0:[2508, 12018, 13290, 13430, 13502, 15198, 15254]
C4:[7256, 13242, 17322]
zD:[1850, 8548, 8676]
mF:[2274]
FW:[3014, 12656]
Rj:[12046, 13302, 13442, 13514]
hP:[3096]
TG:[15628]
sQ:[6724, 9054]
0Z:[12710]
8N:[3338, 4722]
ts:[6626]
Zn:[11456, 14896, 18684]
